cnpj;optante_simples;optante_simei
467448;False;False
589632;False;False
28415000173;False;False
275977000111;True;False
325276000492;False;False
576704000298;False;False
886828000199;False;False
931489000115;True;False
1026686000152;True;False
1156464000154;False;False
1175596000123;False;False
1181518000131;False;False
1207843000126;False;False
1229308000176;True;False
1259681000170;True;False
1275777000121;False;False
1403356000139;False;False
1857567000141;False;False
1928798000107;False;False
1975079000139;False;False
2071685000192;True;False
2130360000214;False;False
2217319000107;False;False
2308008000145;True;False
2415583112107;False;False
2415583181184;False;False
2581911000185;False;False
2594424000157;False;False
2734022000100;True;False
2800026000140;False;False
2833870000177;False;False
2932074000191;False;False
2950811000189;False;False
2957320000160;True;False
2965468000146;False;False
2981429000132;False;False
3187787000130;True;False
3234943000177;True;False
3384155000167;True;False
3398017000137;True;False
3456351000108;True;False
3456487000100;False;False
3501566000195;False;False
3621100000123;True;False
3694937000100;False;False
3719755000139;True;False
3752218000190;True;False
3799098000187;True;False
3919480000187;False;False
3942255000161;False;False
3946153000114;True;False
3946325000150;False;False
4099894000170;False;False
4165359000170;False;False
4297060000179;True;False
4299646000334;True;False
4305070000109;True;False
4417441000144;True;False
4432889000137;True;False
4478924000159;True;False
4524057000302;False;False
4524628000147;True;False
4670869000285;False;False
4778345000121;True;False
5085404000149;True;False
5087967000176;False;False
5145993000103;True;False
5415942000154;True;False
5477217000100;True;False
5484278000103;False;False
5730396000308;False;False
5758386000119;True;False
5808422000101;True;False
5850655000253;;
5878397000132;False;False
5967024000138;False;False
5999689000123;True;False
6021442000109;True;False
6053779000432;False;False
6057223000171;False;False
6071001000103;False;False
6250045000109;False;False
6280175000186;True;False
6284457000151;False;False
6318833000181;True;False
6320130000198;True;False
6536644000185;False;False
6696035000193;True;False
7009992000167;False;False
7041490000113;True;False
7050365000170;True;False
7057779000120;False;False
7246673000175;False;False
7246943000148;False;False
7253086000103;True;False
7315114000170;True;False
7315999000298;False;False
7316419000104;False;False
7409047000152;True;False
7464451000129;False;False
7465671000177;False;False
7491164000108;True;False
7579933000124;False;False
7621126000394;;
7628528000159;False;False
7659215000168;False;False
7679140000187;False;False
7683886000407;;
7685979000128;False;False
7737463000180;True;False
7749348000125;False;False
7751427000170;True;True
7871529000120;True;False
7916392000182;False;False
7933222000297;;
7941675000184;True;False
7953678017537;False;False
7957567001171;False;False
7963394000556;False;False
7993125000109;True;False
8016712000372;False;False
8054198000106;False;False
8058149000133;True;False
8070127000199;False;False
8108416000130;False;False
8170849000115;False;False
8221284000158;False;False
8244883001088;False;False
8292495000262;False;False
8343492000120;False;False
8373328000165;False;False
8380296000125;True;False
8402943000152;False;False
8498758000103;False;False
8502656000114;False;False
8522523000100;False;False
8589233000183;False;False
8606815000120;False;False
8700864000128;False;False
8706573000147;False;False
8731116000102;True;False
8866702000164;True;False
8902856000164;False;False
8977130000190;False;False
9017025000172;True;False
9020309000118;False;False
9030268000140;False;False
9036748000119;True;False
9063671000176;True;False
9101694000128;True;False
9120778000109;False;False
9161014000161;False;False
9238665000102;True;False
9526912000176;False;False
9561759000118;True;False
10227933000170;False;False
10249015000141;False;False
10351662000160;True;False
10353516000173;False;False
10358288000205;;
10374703000133;True;False
10432918000163;False;False
10462656000180;False;False
10490838000164;True;False
10509333000102;False;False
10512581000102;False;False
10567870000109;False;False
10572048003810;False;False
10599719000144;False;False
10608302000109;True;False
10624361000162;False;False
10695910000190;True;False
10803851000126;False;False
10865533000190;True;False
10896732000165;False;False
10970887010590;False;False
11050407000140;True;False
11124720000185;True;False
11164122000130;False;False
11202666000149;False;False
11215727000102;True;False
11245490000102;True;False
11466799000122;True;False
11516254000183;False;False
11516676000159;False;False
11517017000137;True;False
11526237000127;True;True
11742056000138;True;True
11834591000119;True;True
11840409000132;True;False
11884314000110;True;True
11901977000287;False;False
11933674000165;True;False
12045111000101;True;True
12049563000153;True;False
12049631000184;False;False
12066088000123;False;False
12107701000103;False;False
12130744000100;False;False
12188197000113;True;True
12248478000114;True;True
12342582000173;True;False
12445484000161;True;False
12502509000111;True;True
12502896000196;True;False
12535446000108;False;False
12672283000288;;
12681280000120;False;False
12807563000841;False;False
12812861000153;True;True
12855203000149;True;True
12879147000182;True;False
12910802000118;True;True
12981590000160;True;False
13001350000114;True;False
13010332000107;True;False
13087704000195;True;False
13142186000165;True;False
13230524000110;True;False
13250978000153;False;False
13272662000324;;
13325846000143;True;False
13548553000125;True;False
13591745000114;True;True
13641442000169;True;True
13674289000176;False;False
13730794000190;True;False
13765489000134;False;False
13776261000140;True;True
13781314000110;True;False
13786500000142;True;False
13819486000136;True;True
13947569000453;False;False
13950707000100;True;True
14005833000150;True;False
14107273000144;True;True
14110585000107;False;False
14164183000195;True;True
14311228000107;True;False
14360072000154;True;False
14380320000129;False;False
14535050000340;False;False
14588848000198;True;False
14596257000162;True;True
14611612000125;True;True
14634589000194;True;True
14776142000150;False;False
15020311000190;True;True
15043138000145;False;False
15058863000197;True;True
15101405000193;False;False
15107421000193;False;False
15217514000170;True;True
15253413000155;True;True
15271439000126;True;False
15287368000150;True;True
15466144000105;False;False
15494559000192;True;True
15660952000109;False;False
15717597000167;True;True
15761008000148;False;False
15774612000109;False;False
15780520000131;True;False
15798194000190;False;False
16422981000103;True;False
16556961000117;True;False
16567415000181;True;True
16596395000177;True;True
16614075000100;False;False
16737238000134;True;False
16752433000133;True;True
16811931000100;False;False
16902314006401;False;False
16938080000241;True;False
16945284000129;False;False
17011779000143;False;False
17033453000117;False;False
17070610000164;True;True
17071232000133;True;True
17161241000115;False;False
17182670000179;True;False
17218295000250;False;False
17232347000162;True;True
17239595000135;True;True
17311471000113;True;False
17387302000167;True;False
17410830000190;True;False
17449429000163;True;True
17465537000120;True;False
17466371000166;False;False
17495895000185;True;False
17509133000190;True;True
17528330000157;False;False
17804665000150;True;False
17835082000197;True;True
18011256000160;True;False
18150253000107;True;True
18172329000103;True;True
18183935000116;True;True
18189907000106;True;True
18243615000104;False;False
18253779000112;False;False
18323356000121;True;True
18352114000166;True;True
18442348000102;True;False
18507155000184;True;True
18593512000174;True;True
18593815000197;False;False
18619025000133;False;False
18649090000101;True;True
18729956000194;True;True
18858266000135;True;False
18882093000190;False;False
19040714000151;True;True
19224409000110;True;True
19328639000129;True;True
19360869000175;True;True
19372920000169;True;True
19406664000183;True;False
19462615000168;True;False
19462657000107;True;True
19526748000150;False;False
19535506000123;True;False
19578007000113;True;False
19716270000121;True;False
19720141000107;True;False
19775029000173;True;True
19785634000125;True;False
19822545000101;True;False
19824428000187;False;False
19836078000179;False;False
19846785000146;False;False
19870145000171;True;True
19921805000104;True;False
20027610000196;True;True
20130782000190;False;False
20160724000100;True;True
20196158000277;False;False
20223122000154;True;True
20314377000122;False;False
20329056000100;True;True
20335197000127;True;False
20341860000104;False;False
20344555000168;True;True
20353559000102;True;False
20387711000178;True;True
20400711000160;True;True
20430051000160;True;True
20535054000169;True;True
20550180000192;True;False
20642357000180;True;True
20684195000143;False;False
20730306000100;True;True
20761460000140;True;True
20782901000190;True;True
20813943000140;True;True
20819180000145;True;True
20911917000155;True;True
20947690000106;True;True
20964044000149;True;False
21004231000143;False;False
21045775000153;True;True
21067825000101;False;False
21074883000154;True;True
21091578000170;True;True
21471507000101;True;True
21475315000165;False;False
21475435000162;True;True
21496381000111;False;False
21541064000170;True;True
21582629000167;True;True
21679270000140;True;True
21745758000129;True;True
21852990000166;True;True
21917608000155;True;True
21949339000109;True;True
21961806000116;False;False
22053229000127;True;True
22055773000108;False;False
22067445000121;True;True
22244477000155;True;False
22418915000154;True;True
22478712000153;True;False
22479591000164;True;True
22556290000197;True;False
22564842000109;True;False
22607886000179;True;True
22656867000132;True;True
22667346000180;True;True
22742913000116;False;False
22864020000224;;
22900946000147;True;True
22902338005726;;
23016883000123;True;False
23033820000185;True;True
23044655000167;True;True
23108219000295;;
23131867000181;True;True
23149219000152;True;False
23222770000184;True;True
23239287000102;True;True
23265671000180;False;False
23268180000192;True;True
23272473000143;True;True
23286346000101;False;False
23437161000142;True;True
23456138000103;False;False
23540274000179;True;True
23638442000163;True;True
23716188000174;True;True
23829541000122;True;False
23873368000160;False;False
23879180000129;True;True
23891896000141;True;False
23892100000175;True;True
23892743000119;False;False
24024024000149;True;True
24025471000112;True;True
24056078000196;True;False
24139813000125;True;False
24155987000181;True;True
24170306000154;True;False
24199199000197;False;False
24205264000140;True;True
24230275000180;False;False
24235014000152;True;True
24267548000160;True;True
24279608000165;True;False
24305242000151;True;False
24327612000151;True;False
24365549000148;False;False
24405116000179;False;False
24445860000105;True;False
24501384000194;False;False
24525330000169;True;False
24537328000100;False;False
24550835000183;False;False
24652295000149;True;True
24665939000133;True;True
24768786000150;True;True
24874375000149;True;True
24900624000123;True;True
24900830000133;True;True
24908951000121;True;True
24942397000107;True;True
24951521000192;True;True
25062770000190;True;True
25101406000191;True;True
25267254000100;True;False
25271410000106;True;True
25277531000157;False;False
25337210000109;True;False
25359110000175;True;True
25534627000153;True;False
25681947000136;False;False
26033728000103;True;True
26078564000130;True;True
26117255002176;;
26147855000133;True;True
26163591000101;False;False
26198843000138;True;True
26203670000107;True;True
26258522000181;True;True
26267372000172;True;True
26319778000151;True;True
26375585000118;False;False
26413147000105;True;True
26421427000157;True;True
26442031000196;False;False
26472532000115;True;False
26474744000131;False;False
26489370000128;True;True
26495602000150;True;False
26511762000146;True;True
26545757000235;;
26578673000117;True;False
26585884000187;True;True
26677034000109;True;False
26686777000145;True;True
26698524000191;False;False
26744659000146;True;False
26859766000110;True;True
26904863000187;True;True
26979554000176;True;False
27009301000132;True;False
27033634000105;True;True
27038048000145;True;False
27080808000182;True;False
27082822000115;True;True
27139298000171;True;True
27151353000149;True;True
27164746000197;True;False
27167403000186;False;False
27205817000152;False;False
27223582000121;True;True
27252486000101;True;True
27285912000103;True;True
27355258000167;False;False
27359745000106;True;True
27398823000173;True;True
27405911000155;True;True
27470069000135;True;False
27513690000139;True;True
27539751000137;True;False
27542156000150;False;False
27565880000108;True;True
27600290000160;False;False
27601055000103;True;True
27610762000166;True;False
27645901000197;True;True
27662366000182;True;True
27672439000117;False;False
27679718000102;True;True
27728826000128;True;True
27735633000102;False;False
27808046000198;True;True
27843674000104;True;True
27854024000164;True;True
27897149000171;False;False
27922822000186;True;False
27928798000192;True;True
27952836000142;True;True
28106267000187;False;False
28167662000170;True;True
28193840000137;True;False
28277024000101;True;False
28279202000133;True;False
28318338000296;;
28382603000114;True;True
28390628000160;True;True
28419352000103;True;False
28435370000251;False;False
28508910000107;True;False
28527449000121;False;False
28535512000171;True;False
28572297000189;True;True
28587433000104;True;True
28661345000105;True;True
28673126000227;;
28678234000101;True;False
28689728000191;True;True
28731394000177;True;False
28756538000140;True;True
28762286000161;True;True
28852331000179;True;True
28887331000104;True;True
28924416000115;True;False
28940246000162;True;True
28987607000126;True;True
29088445000157;False;False
29096067000153;True;True
29100634000106;True;False
29180947000103;False;False
29206677000162;True;True
29232603000109;True;True
29241082000148;False;False
29286662000151;True;False
29335864000146;True;True
29396932000349;;
29410202000193;True;False
29530710000105;True;True
29574783000107;True;True
29678780000105;False;False
29721844000103;True;True
29782945000194;True;False
29852104000106;True;False
29859266000176;True;True
29878298000119;True;True
29888430000173;True;True
29909872000159;True;True
29913391000117;True;True
29995914000111;True;False
29997526000170;True;True
30006797000103;True;True
30084870000157;True;True
30099073000143;True;True
30125363000114;False;False
30187803000168;True;True
30333717000116;True;True
30348102000163;True;True
30353933000123;False;False
30365048000164;True;False
30419735000115;True;True
30469240000109;True;True
30520149000162;True;True
30578280000180;False;False
30603601000150;True;True
30694172000173;True;False
30704851000186;True;True
30762570000180;True;True
30782932000102;True;False
30840727000148;True;False
30846478000106;True;True
30850228000131;True;True
30887531000109;True;False
30904950000292;;
30981939000145;True;True
30993511000112;True;True
31011671000181;True;False
31059218000145;True;True
31073279000167;True;True
31076044000129;True;True
31078085000154;True;True
31173151000175;True;True
31196344000141;True;True
31207206000110;False;False
31210896000167;True;True
31291215000132;False;False
31325341000160;False;False
31331372000124;False;False
31342945000115;True;False
31443330000185;True;True
31468736000112;True;True
31495322000182;True;True
31607703000106;True;True
31678415000142;True;True
31679468000188;True;True
31688437000193;True;False
31704495000163;True;True
31707502000180;True;True
31726624000114;False;False
31747165000155;False;False
31852638000184;False;False
31858578000107;True;True
31909364000112;True;False
31922519000150;True;False
31939974000169;True;True
31957017000165;True;True
31967515000199;True;True
31991099000164;True;False
32013129000120;True;False
32032626000176;True;True
32038687000140;True;True
32040285000180;True;True
32116825000162;True;True
32141669000190;False;False
32160144000100;True;True
32255271000184;True;False
32332503000150;True;True
32384664000198;True;True
32388708000158;True;True
32426879000124;True;True
32444596000105;True;True
32475224000146;True;True
32476604000103;True;False
32512744000181;True;True
32521631000142;True;True
32570753000129;True;True
32600673000179;False;False
32641079000126;True;True
32695928000124;True;True
32795582000136;True;False
32821123000180;True;True
32873167000153;True;True
32894788000113;True;True
32907843000162;True;False
32982596000169;True;True
33012386000100;True;False
33018720000133;True;True
33035536000100;False;False
33040601000187;False;False
33045076000192;True;True
33047285000175;True;True
33051579000170;True;True
33071847000388;False;False
33094278000124;True;True
33163090000190;True;True
33164021010679;False;False
33203581000118;True;False
33232730000177;True;True
33234152000108;True;True
33252434000138;True;True
33381286005706;False;False
33384549000186;True;True
33422158000109;True;True
33438545000133;True;True
33470230000173;False;False
33498934000154;True;False
33500325000192;True;False
33525358001240;;
33592510000154;False;False
33592770000120;True;True
33649878000101;True;False
33679182000128;True;True
33698290000148;False;False
33720484000100;True;True
33722001000107;True;False
33725169000168;True;False
33736092000121;True;False
33744722000100;True;False
33801486000116;True;True
33818514000108;False;False
33839910000111;False;False
33851161000148;True;True
33875234000131;True;False
33876229000143;True;True
33911667000103;True;True
33914833000117;True;False
33948964000115;True;True
33966230000169;True;False
33966327000171;True;True
33978172000355;False;False
34017833000187;True;True
34055658000112;True;True
34114508000132;True;True
34140132000130;True;True
34147402000135;True;True
34234562000111;True;True
34419728000174;True;True
34509375000101;True;False
34514036000105;True;True
34526084000113;False;False
34555370000107;True;False
34598776000177;True;True
34651734000152;True;True
34658709000109;True;True
34669017000158;True;True
34670717000162;False;False
34671367000159;True;True
34675104000118;True;True
34675972000106;True;True
34691259000148;True;True
34740824000110;True;True
34822787000199;True;False
34844672000103;True;True
34897728000180;False;False
34904272000138;True;False
34909266000173;True;True
34927093000116;True;True
34933310000180;True;True
34938540000132;True;True
34968928000186;True;False
34973877000180;True;True
34975279000140;True;True
34988227000109;True;True
35005208000188;True;True
35038400000170;True;False
35124696000142;True;True
35154003000164;True;True
35162229000107;True;True
35268155000198;True;True
35313169000186;True;True
35326723000160;True;True
35364910000138;True;False
35369673000106;True;False
35381514000119;True;True
35399235000182;True;True
35402400000108;True;True
35441461000184;True;True
35478626000192;True;True
35479858000165;True;True
35503396000174;True;True
35586384000150;True;True
35614719000105;False;False
35632867000144;True;True
35729273000156;True;False
35741295000131;True;True
35797136000159;True;True
35824684000120;True;False
35843569000101;True;True
35865316000120;True;False
35917664000102;True;True
35935974000141;True;True
35936365000107;False;False
35980428000122;True;True
35981313000152;True;True
36050141000166;True;True
36074476000114;True;True
36097493000177;True;True
36118413000112;True;True
36125132000197;True;True
36127144000150;True;True
36157096000143;True;True
36158852000159;True;True
36163853000191;True;False
36175421000109;True;True
36191569000129;True;False
36197533000152;True;True
36206366000169;True;True
36232561000163;True;True
36242123000186;True;True
36287971000101;True;True
36305421000178;True;True
36314032000109;True;True
36318105000130;True;True
36324781000117;True;True
36330400000102;True;True
36365067000177;True;True
36383860000107;True;True
36452374000195;True;True
36464511000101;True;True
36468781000190;True;True
36473923000108;;
36512700000102;True;True
36528397000136;True;True
36529590000191;True;True
36537805000116;False;False
36540386000171;;
36551469000166;True;True
36587112000138;True;True
36589710000146;True;True
36607479000176;True;True
36612368000158;True;True
36623843000191;True;True
36658601000133;True;False
36660984000184;True;True
36666353000172;True;False
36695645000133;True;True
36706385000154;True;True
36743346000127;True;True
36761122000148;True;True
36763868000190;True;False
36774442000132;False;False
36793682000184;True;True
36839235000119;True;True
36870142000157;True;True
36882202000151;True;True
36889925000182;True;True
36906290000184;False;False
36909733000190;True;True
36947201000148;True;True
36950726000132;False;False
36983547000100;True;True
37092245000104;True;True
37118515000109;True;True
37134636000136;True;True
37138297000166;True;True
37138785000173;True;True
37144734000154;True;True
37153024000190;True;True
37167672000104;True;False
37168484000192;True;False
37189889000450;;
37191288000139;True;False
37227502000160;True;True
37248186000102;True;True
37265981000109;True;True
37294858000116;True;False
37311108000105;False;False
37319697000178;True;True
37354368000168;True;True
37373389000120;True;True
37387518000130;True;True
37390365000180;True;True
37396073000154;True;True
37415161000237;;
37429760000129;True;True
37441675000186;;
37481940000150;True;True
37482672000190;True;True
37499101000169;True;True
37501090000104;True;False
37554918000192;True;False
37599302000138;True;True
37658378000197;True;False
37672198000160;True;True
37682133000103;True;True
37693907000193;True;True
37707299000129;True;True
37720454000147;True;True
37726919000177;True;True
37755937000187;True;True
37796809000181;True;True
37865118000192;True;True
37896825000146;True;True
37897668000193;True;False
37902518000120;;
37904990000100;True;True
37908854000180;True;True
38017160000116;True;True
38059854000116;True;True
38060379000106;True;True
38076077000118;True;False
38084561000199;True;False
38099832000180;True;False
38107857000188;True;True
38139584000153;True;True
38160295000136;True;True
38161024000103;True;True
38168107000116;True;True
38193436000117;True;False
38313130000157;;
38315733000198;True;True
38353747000104;True;True
38367379000145;True;True
38409911000140;True;True
38453159000134;True;True
38457137000142;True;False
38498137000190;True;True
38539966000174;True;True
38662999000107;True;True
39154329000142;True;True
39229677000131;True;True
39258846000161;True;True
39287390000168;True;False
39299268000101;True;False
39309160000152;True;True
39316254000159;;
39353227000156;True;True
39404254000100;True;False
39447591000185;True;True
39461552000132;True;True
39465123000133;True;True
39465712000111;True;True
39466466000112;True;True
39484812000195;;
39499548000163;True;True
39502696000190;True;True
39525645000183;True;True
39539504000110;True;True
39584882000115;True;False
39618845000180;True;True
39691599000192;True;True
39729042000101;True;True
39803229000108;True;True
39806358000141;;
39863377000100;True;True
39906357000179;True;False
40005603000109;True;True
40009757000160;True;False
40017037000147;True;True
40042317000105;True;True
40050076000146;True;True
40055732000101;True;True
40066000000109;True;True
40066547000104;;
40110931000167;True;False
40134774000120;True;True
40161438000176;True;True
40169110000104;True;True
40170169000104;True;False
40214537000179;True;True
40220039000139;True;True
40222306000107;True;True
40238746000152;True;True
40247928000190;True;False
40252869000148;True;True
40258338000162;True;True
40270873000139;True;True
40294979000172;True;True
40300370000169;True;True
40304754000150;True;True
40313141000189;True;True
40427199000153;True;True
40453075000142;True;True
40487052000159;True;True
40488875000107;True;True
40503201000126;True;False
40517811000189;True;True
40543080000146;True;True
40553541000161;True;True
40561166000100;True;True
40585113000110;True;True
40602149000165;True;True
40609533000190;True;True
40614483000139;True;True
40637638000152;True;True
40699247000162;True;False
40700096000115;True;True
40730341000137;True;True
40746722000104;True;True
40776461000175;True;True
40790440000104;True;True
40846666000180;True;True
40900788000107;True;True
40922761000115;True;True
40931565000107;True;True
40953608000155;True;False
40975244000104;True;True
40984215000109;True;True
41021226000156;True;True
41023269000170;True;True
41074959000159;True;True
41084539000153;True;True
41110224000133;True;False
41114912000171;True;True
41149861000113;True;True
41207266000197;True;True
41220506000193;True;True
41236580000106;True;True
41246119000126;True;False
41250753000132;;
41277499000166;True;True
41307592000176;True;False
41329626000123;True;True
41392539000110;True;True
41421690000130;True;True
41514786000142;;
41554245000148;True;True
41571315000176;True;True
41571957000175;True;True
41632626000106;True;True
41655068000196;True;True
41728204000120;True;True
41730619000139;True;True
41745791000166;True;True
41758034000127;True;True
41758149000111;True;True
41766112000135;True;True
41772633000103;True;False
41792642000158;True;False
41800139000105;True;False
41813684000128;False;False
41846039000101;True;True
41847101000180;True;True
41848982000153;True;True
41850854000144;True;True
41881559000155;True;True
41890137000146;True;True
41892252000150;True;True
41897731000169;True;False
41904783000115;True;False
41927840000181;True;False
41937850000106;True;False
41941083000109;True;False
41957517000150;True;False
41980005000105;True;True
41986828000148;True;True
42000038000104;True;False
42015343000170;True;True
42026683000104;True;True
42030699000182;;
42058758000120;True;True
42102811000143;True;True
42118076000166;True;True
42141422000127;True;True
42158273000109;True;True
42158666000112;True;True
42165035000120;False;False
42170250000110;True;True
42173857000153;True;False
42189181000196;True;False
42225245000167;True;True
42237064000150;True;True
42319023000103;True;False
42334572000157;True;False
42432689000173;True;True
42519549000137;True;False
42580152000150;True;False
42601363000122;True;True
42619153000161;True;True
42633942000157;True;False
42642838000129;True;True
42649501000143;True;True
42652501000100;True;True
42673388000131;True;True
42676572000135;True;True
42696599000190;True;True
42696804000117;True;True
42723467000100;;
42751815000152;True;True
42794111000167;True;True
42817048000137;True;True
42824787000156;True;False
42836470000130;True;True
42881252000117;True;True
42893531000109;True;True
42927276000160;True;True
42927782000159;True;True
42927978000143;True;True
42941206000166;True;True
42946778000138;True;True
42987238000100;True;False
43030674000141;True;True
43060901000181;True;True
43109385000132;;
43123415000165;True;True
43126973000184;True;True
43166748000171;True;True
43177709000170;True;True
43206990000121;True;True
43220023000114;True;True
43220349000141;True;True
43286793000160;True;True
43301182000143;True;True
43325806000162;True;True
43345928000110;True;True
43367027000120;True;True
43375235000170;True;False
43382157000131;True;True
43400884000184;True;True
43427660000166;True;True
43441916000190;True;True
43476569000130;True;True
43582091000123;;
43615886000190;True;True
43637611000158;True;False
43712240000121;True;True
43714727000143;;
43724307000148;True;True
43765683000180;True;False
43770046000100;True;True
43776517000180;False;False
43789992000190;True;True
43817591000105;True;False
43818133000182;True;True
43839346000190;True;True
43857413000108;True;True
43922499000105;True;True
43925607000195;True;True
44007521000146;True;True
44029937000165;True;False
44042865000196;;
44064694000104;True;False
44098444000187;True;True
44103423000102;True;True
44139461000115;;
44156992000116;True;True
44183491000129;True;True
44203959000108;True;True
44223075000107;True;False
44228166000135;True;True
44247762000162;True;True
44279033000198;True;True
44280566000190;True;True
44287190000145;True;True
44304591000166;;
44309341000119;True;True
44380805000183;True;False
44392696000114;True;True
44399302000150;True;True
44467064000172;True;True
44491098000100;;
44508424000137;;
44543250000143;;
44552801000135;True;True
44570302000170;True;True
44628319000131;True;True
44646077000109;True;True
44696355000132;True;False
44702185000151;True;True
44726078000163;True;True
44746822000191;True;True
44768931000100;True;True
44837244000107;True;True
44863874000148;True;True
44900394000100;True;True
44934782000101;True;False
44937493000166;True;True
44943890000140;True;True
44962895000110;True;True
44981509000138;True;True
44993258000101;True;True
45001509000197;True;True
45006868000137;True;False
45031547000192;True;True
45039540000117;True;True
45076910000196;True;True
45084401000105;True;True
45087782000186;;
45088439000156;True;True
45089480000147;True;True
45097076000115;True;True
45104944000147;True;True
45108278000115;True;True
45138115000185;True;True
45148882000175;True;True
45168571000178;True;True
45204420000128;True;True
45242914039141;False;False
45247878000164;True;True
45301580000195;True;True
45319526000177;True;True
45345330000157;True;True
45393548000187;True;True
45414926000161;True;True
45449511000123;True;False
45451271000100;True;True
45507029000100;True;True
45512081000147;;
45540377000171;True;True
45556399000120;True;False
45599019000134;True;True
45599119000160;True;True
45632111000159;True;True
45635761000158;True;True
45654197000110;True;True
45683143000183;True;False
45702436000160;True;True
45770947000110;True;True
45816313000150;True;True
45852026000104;True;True
45902752000186;True;False
45911733000116;;
46001260000182;True;True
46039229000130;True;True
46086945000179;True;True
46123002000179;True;True
46146025000107;True;True
46147327000191;True;True
46163819000170;True;True
46172648000146;True;False
46183233000178;True;True
46222892000176;True;True
46228178000195;True;True
46255643000187;True;True
46272663000166;True;True
46282967000104;True;True
46285223000143;True;True
46332951000169;True;True
46337501000169;True;True
46368557000180;True;False
46385094000165;True;True
46392962000134;True;True
46404371000130;True;True
46453728000170;;
46483975000119;True;True
46485691000161;True;True
46514775000186;True;True
46551314000183;True;True
46592163000101;True;True
46620299000188;True;True
46641192000116;True;True
46646099000102;True;True
46650549000122;True;False
46668673000115;True;True
46698754000168;True;False
46760635000198;True;True
46790157000169;True;True
46806032000180;True;True
46843387000149;True;True
46843419000106;True;True
46847197000108;True;False
46895623000170;True;False
46923052000130;True;True
46956288000173;True;True
47019652000131;True;True
47020006000194;True;True
47041766000188;True;True
47042819000185;True;True
47099886000136;True;True
47114373000157;True;True
47118828000102;True;True
47160269000107;True;False
47184073000144;True;True
47184446000187;True;True
47198166000128;True;False
47203968000189;True;True
47204780000155;;
47207826000190;True;True
47223871000138;True;True
47223878000150;True;True
47252381000160;True;True
47269404000149;True;True
47270136000185;True;True
47298141000104;True;True
47331838000121;;
47347439000159;True;True
47364216000108;True;True
47371716000169;True;False
47386474000187;;
47423232000116;;
47484417000130;True;True
47499805000195;True;True
47508411000156;False;False
47514333000100;;
47522903000104;;
47540194000181;True;True
47599969000194;True;True
47609728000189;True;False
47651182000124;True;True
47665742000108;True;True
47683794000107;True;True
47695290000107;True;True
47734767000108;True;True
47790224000108;True;True
47798113000148;True;True
47802651000169;True;True
47886612000197;True;True
47913681000142;;
47933597000190;;
47952824000125;;
47960950115611;False;False
47974218000100;;
48009632000142;;
48027853000143;;
48040155000188;;
48125886000126;;
48186299000147;;
48231425000138;;
48240720000150;;
48252734000194;;
48253164000157;;
48302980000103;;
48325310000102;False;False
48358364000174;;
49425457000137;False;False
50255355000108;False;False
52948460000140;True;False
54566971000122;True;False
54826532000292;False;False
57214900001473;;
58062779000150;False;False
58069360002335;False;False
58392432000175;False;False
59285411000113;False;False
59418806000147;False;False
59754523000176;False;False
60500139000126;False;False
60543816000193;False;False
60840055000131;False;False
60933603000178;False;False
61351532000168;False;False
62002886000160;False;False
62951355000113;False;False
63269492000135;True;False
63304950000120;False;False
63983167000130;True;False
64904295000103;False;False
65446213000197;True;False
65524944002319;False;False
65993453003399;False;False
67010660000124;False;False
67170431000177;False;False
67241901000146;False;False
67380519000113;True;False
68550201000104;False;False
69350171000147;True;False
70116827000493;False;False
71120018000175;False;False
71240121000159;True;False
71304737000146;True;False
71541320000105;False;False
72375975000105;False;False
72520968000150;False;False
73045528000150;True;False
73113243000290;False;False
73910440000150;True;False
73965485000121;False;False
75549097000195;True;False
76648500002492;False;False
78666096000119;False;False
79221172000226;False;False
79230959000254;False;False
80583941000134;False;False
81619561000175;True;False
81739534000136;True;False
82878471000161;True;False
83017350000198;False;False
84512128000124;True;False
84571116000170;True;False
84683408000103;False;False
85045532000106;False;False
85070068003387;False;False
85128981001262;False;False
86975760000130;False;False
89096457000155;False;False
89288229000187;False;False
90347840003486;False;False
90400888141714;False;False
91220624000170;False;False
91983056000169;False;False
92390137000118;False;False
92693019000189;False;False
92791243000103;False;False
93191989000149;True;True
93374833000101;True;False
95844163000167;True;False
96402177000193;False;False
97131635000160;False;False
97411441000118;False;False
97548354000107;False;False
704245;False;False
6874000156;False;False
355025000108;False;False
527392000141;True;False
601763000198;False;False
607587002226;False;False
664518000120;False;False
776574000156;False;False
984008000130;False;False
984046000192;False;False
1280910000138;True;False
1384869000220;;
1472053000178;False;False
1472996000109;False;False
1515135000152;False;False
1532194000139;False;False
1534080009427;False;False
1560412000149;False;False
1639563000510;False;False
1678134000129;False;False
1685041000202;False;False
1830085000106;False;False
1838637000114;True;False
1892831000188;True;False
1907000000132;False;False
1918902000174;False;False
1922804000100;False;False
1938783000111;False;False
1963850000158;True;False
2280165000190;False;False
2309786000159;False;False
2351877000152;False;False
2414164000190;False;False
2415583100010;False;False
2419541000184;False;False
2427602000155;True;False
2470930000134;True;False
2474103000119;False;False
2497354000119;False;False
2604860000160;False;False
2626506000136;True;False
3073028000147;False;False
3129935000160;True;False
3132775000109;False;False
3153003000153;False;False
3166705000252;;
3261703000161;True;False
3297377000142;False;False
3332411000172;False;False
3388379000147;False;False
3476811044361;False;False
3548507000172;False;False
3612443000121;False;False
3652030000170;False;False
3692535000169;True;False
3784680000331;False;False
3802115000198;False;False
3823476000382;;
4008342000966;;
4012936000193;True;False
4041961000103;False;False
4105937000697;False;False
4111187000151;False;False
4151219000142;True;False
4193584000110;True;False
4228987012597;False;False
4236064001038;False;False
4356568000109;False;False
4373287000580;;
4416046000147;False;False
4491144000149;True;False
4512077000100;False;False
4516841000107;False;False
4559901000179;True;False
4633427000188;False;False
4715965000111;False;False
4726579000125;False;False
4752991000110;False;False
4776686000168;False;False
5011066000109;False;False
5103655000451;;
5162936000132;True;False
5274349000216;;
5300307000121;False;False
5403709000151;False;False
5468113000130;False;False
5483290000195;True;False
5493795000130;False;False
5518221000170;False;False
5670855000143;False;False
5806191000105;False;False
6184524000166;False;False
6194675002068;;
6209808000160;True;False
6695782000107;True;False
6946228000236;;
6948969000175;False;False
7037568000126;False;False
7049347000178;False;False
7173282000178;False;False
7197697000181;True;False
7207996001121;False;False
7216054000561;False;False
7216189000101;False;False
7216574000302;;
7238623000146;False;False
7295631000981;False;False
7381410000411;False;False
7401720000108;True;False
7453097001290;False;False
7539289000160;False;False
7570650000111;True;False
7650954000199;False;False
7718269000157;False;False
7739539000106;False;False
7856791000103;True;True
7949328000440;False;False
7971407000458;False;False
7997460000185;True;False
8005556000182;False;False
8005772000551;False;False
8076373000158;False;False
8090202000183;False;False
8092833000727;False;False
8106875000184;True;False
8109106000130;False;False
8138921000127;True;False
8158478000741;;
8193685000141;False;False
8227170000115;False;False
8284019000119;True;False
8285554000275;False;False
8315648000240;;
8363909000116;False;False
8381692000339;False;False
8396550000183;False;False
8400521002272;False;False
8423090000569;;
8523907000147;False;False
8527039000173;False;False
8527543000173;False;False
8534605000174;False;False
8542427000123;False;False
8558630000198;False;False
8573519000170;True;False
8613550000198;False;False
8670629000231;False;False
8675234000140;False;False
8717040000160;True;False
8767745000192;True;False
8776843000196;True;False
8795211000170;False;False
8847490000178;True;False
8848841000165;True;False
8915301000157;False;False
9031845000119;True;False
9073279000108;True;False
9086213000152;False;False
9100612000120;True;False
9139540000125;False;False
9142679000128;False;False
9285943000182;False;False
9321125000511;False;False
9333970000183;True;False
9363472000183;True;False
9404923000183;True;False
9462921000493;False;False
9560176000172;True;False
9611481000146;True;False
9685963000140;False;False
10265088000127;True;False
10292792000179;False;False
10300125000271;;
10342782000109;True;False
10387557000180;False;False
10417109000263;False;False
10418525000103;False;False
10462980000106;False;False
10476396000100;True;False
10506007000133;True;False
10568044000176;False;False
10700897000110;True;False
10725413000197;True;False
10736008000174;True;False
10736126000182;True;False
10739356000103;False;False
10746497000145;False;False
10757963000198;False;False
10760260000119;False;False
10801891000139;True;False
10807374000177;False;False
10918425000219;False;False
10987121000122;False;False
11013551000106;True;False
11022930000162;False;False
11061677000156;True;False
11228174000122;True;True
11293682000194;False;False
11341638000102;True;False
11383070000192;True;True
11473285000102;True;True
11486965000152;True;False
11512745000156;True;False
11641971000137;True;False
11707253000116;True;False
11765256000106;True;True
11791658000185;True;True
11814211000184;True;False
11854914000217;False;False
11909813000115;False;False
12218548000191;False;False
12221217000100;True;False
12266724000160;True;True
12411268000103;True;False
12423666000131;True;False
12585023000194;True;False
12585544000141;True;True
12705032000171;True;True
12707978000177;True;True
12799994000137;True;False
12998596000140;True;True
13028970000147;True;False
13126596000112;True;True
13133321000106;False;False
13214955000193;True;False
13220797000184;True;False
13276007000182;True;False
13299283000247;;
13323637000160;True;False
13400375000190;True;False
13444541000150;True;False
13464634000147;True;False
13511049000150;True;False
13626838000137;True;False
13634708000146;True;False
13648827000158;True;False
13698515000159;True;True
13764672000115;True;True
13877388000155;True;True
13891454000141;True;False
13930740000179;True;False
13954121000114;True;False
14011884000194;True;True
14071828000145;False;False
14669926000189;True;True
14796945000338;False;False
14838439000100;True;True
14926040000173;True;True
14930165000177;True;True
14977922000168;True;True
15008922000112;False;False
15009795000176;True;False
15052476000143;True;True
15069110000187;False;False
15133034000121;True;True
15133483000170;True;True
15141799000103;False;False
15267581000108;True;False
15270587000126;True;True
15348415000128;True;False
15358653000114;True;True
15408460000120;True;True
15408869000147;True;True
15527906000136;False;False
15550294000100;False;False
15566845000116;True;True
15586839000120;False;False
15592293000110;False;False
15593397000140;True;False
15657373000107;True;False
15729219007025;False;False
15744316000165;False;False
15753371000111;False;False
15803046000116;False;False
16307576000136;True;True
16384130000105;True;False
16502252000159;True;True
16650254000195;False;False
16658089000118;False;False
16678918000124;True;True
16704533000194;True;True
16715174000170;False;False
16748688000122;True;True
16796218000134;True;True
16853660000155;True;True
16930078000145;False;False
16940366000180;True;True
17129125000119;True;False
17179174000166;True;True
17193320000108;True;True
17198775000116;True;False
17245234000100;False;False
17254689000264;;
17314329000120;False;False
17316922000105;True;False
17388714000111;False;False
17401896000385;False;False
17455793000136;False;False
17469410000189;False;False
17502663000107;True;False
17525217000118;True;True
17531429000108;True;True
17535052000165;True;True
17621467000585;False;False
17658395000117;True;False
17936141000113;True;False
17986982000135;True;True
18021441000135;True;False
18036506000116;True;False
18056949000179;True;False
18057467000133;True;False
18061454000138;True;False
18122795000176;True;True
18137441000103;True;False
18151162000196;False;False
18161977000156;True;False
18203420000130;True;False
18317173000101;True;False
18450333000188;False;False
18471932000188;False;False
18487318000104;True;True
18582602000160;True;True
18594263000131;True;False
18616378000180;True;False
18786219000123;False;False
18878673000104;True;True
18990862000174;True;False
19010373000171;True;False
19019098000157;True;False
19047310000190;True;True
19107527000148;True;False
19245902000116;True;True
19250948000123;True;True
19348327000187;True;True
19421233000196;True;False
19511803000139;True;False
19617389000147;True;True
19734864000165;True;True
19806315000159;True;False
19845108000103;True;True
19873906000149;True;False
19965495000111;False;False
20058633000168;True;True
20124365000135;True;False
20400034000180;True;True
20407577000120;True;True
20548493000106;False;False
20598430000164;True;False
20794126000192;True;True
20819840000198;True;True
20862177000104;True;True
20897304000100;True;False
20906842000114;True;True
20951668000121;True;True
21102285000141;True;True
21131895000173;True;False
21190952000195;True;True
21236193000154;False;False
21354050000147;True;True
21398765000100;True;True
21415466000128;True;True
21500321000125;False;False
21552354000119;True;False
21554404000105;True;True
21561280000187;False;False
21569443000178;True;True
21609042000102;True;True
21674652000181;True;False
21764821000174;True;True
21892649000134;True;True
21967082000118;True;True
22158768000120;True;True
22180541000181;True;False
22182532000120;True;True
22266175000188;False;False
22377423000168;True;False
22487126000175;True;True
22543006000148;True;True
22564103000117;True;False
22584798000107;False;False
22589796000100;False;False
22610698000108;True;False
22615451000176;True;True
22665330000139;True;False
22678606000113;True;True
22695041000182;False;False
22771657000195;True;True
22774979000198;True;True
22796480000181;True;True
22796524000173;True;True
22843966000123;True;True
22939864000106;False;False
22949957000111;True;True
22954022000123;True;True
23256587000108;True;True
23284662000136;True;True
23352744000170;True;True
23378757000119;True;False
23386819000134;True;False
23455820000173;False;False
23458802000145;False;False
23481095000108;True;True
23487502000194;True;True
23490553000175;True;True
23491872000103;True;True
23497057000143;True;True
23499317000110;True;True
23608695000194;False;False
23708181000100;True;True
23774124000120;False;False
23777614000180;True;True
23977709000147;True;False
24127251000108;True;False
24127925000166;True;True
24240359000102;True;False
24277358000124;True;False
24285828000100;True;True
24326807000187;False;False
24380423000142;True;False
24382033000101;True;True
24385843000111;True;True
24418103000134;True;True
24446545000194;True;False
24495618000138;False;False
24531609000155;True;True
24602508000128;False;False
24638189000100;False;False
24652732000124;True;False
24672548000146;True;False
24684800000137;False;False
24754313000101;True;True
24789611000129;True;False
24816673000182;True;True
24865173000130;True;False
24925825000266;;
25031892000119;True;True
25045966000176;True;True
25070082000171;True;True
25152630000102;True;False
25168456000196;True;False
25198493000147;False;False
25235488000167;True;True
25292139000187;True;True
25370597000197;True;False
25381057000109;True;True
25385951000157;True;True
26010464000172;True;True
26148942000105;True;True
26200007000140;True;True
26242107000563;False;False
26345808000102;True;True
26453037000169;True;False
26468187000146;True;True
26495296000152;True;False
26501439000191;True;False
26572284000184;True;False
26639606000327;;
26655726000156;True;True
26670656000105;False;False
26678172000102;True;True
26881362000122;True;True
26949052000100;True;True
27035634000217;False;False
27039252000180;True;True
27119781000194;True;False
27122253000194;False;False
27194025000120;True;False
27230059000122;True;False
27233888000169;True;True
27260394000173;True;False
27304306000198;True;True
27369353000110;True;True
27432853000159;False;False
27433483000174;True;True
27470337000119;True;True
27547927000100;False;False
27591796000150;True;True
27612338000150;False;False
27681787000150;True;True
27721758000175;True;True
27768379000130;True;True
27777212000993;;
27843105000169;True;False
27847973000389;False;False
27851826000110;True;True
27853078000105;False;False
27860277000140;True;False
27904217000182;True;True
27920885000101;True;True
27944177000100;True;True
27974659000103;True;True
27984367000143;True;True
28037164000293;;
28037817000153;True;False
28053296000551;False;False
28085130000193;True;True
28186188000123;True;True
28198542000130;True;True
28210754000195;True;True
28309165000169;True;True
28367659000108;True;False
28383367000231;;
28387481000230;;
28435993000143;True;True
28442352000116;False;False
28452129000150;True;True
28501771000181;True;False
28539438000161;True;True
28543822000138;True;True
28602889000104;True;True
28672118000185;False;False
28732200000581;False;False
28749965000109;True;True
28776794000107;True;True
28859820000152;True;True
28914843000112;True;True
29032574000123;False;False
29057169000160;True;False
29154715000180;True;True
29178753000840;False;False
29214949000176;False;False
29331679000183;False;False
29344179000186;True;True
29382924000181;True;True
29397137000103;True;False
29397877000140;True;True
29412012000105;False;False
29448359000108;True;False
29480959000153;True;True
29527979000132;True;True
29578442000100;False;False
29591730000196;True;True
29628454000193;False;False
29634122000111;False;False
29670190000136;True;True
29673219000133;True;True
29711957000128;True;True
29713496000122;True;True
29743591000179;True;True
29752724000173;True;False
29785083000153;True;True
29848200000180;True;True
29942334000166;True;True
29999605000110;False;False
30013337000102;True;True
30034406000156;True;True
30046084000165;True;True
30093635000141;True;True
30102285000132;True;False
30107365000180;True;True
30155289000189;True;True
30185452000156;True;True
30187679000130;True;False
30203206000180;True;True
30220544000120;True;False
30230651000139;True;True
30247637000148;True;False
30269532000190;True;True
30280022000113;True;True
30347111000130;True;False
30394814000119;True;True
30423005000198;True;True
30526670000107;True;True
30552790000189;True;True
30601535000189;True;True
30692829000163;False;False
30731785000133;True;False
30748931000133;True;False
30770727000119;True;True
30792683000128;False;False
30859817000180;True;True
30862883000100;True;False
30864040000142;True;True
30889386000103;True;True
30931516000110;True;True
30966301000135;True;True
30972512000180;True;False
31057123000192;True;True
31068172000120;False;False
31122088000229;False;False
31125644000130;True;False
31189271000160;True;False
31247601000127;True;False
31359823000131;True;True
31408369000161;True;True
31454301000119;False;False
31469348000156;True;True
31520626000152;False;False
31526511000175;True;True
31526782000120;True;True
31531698000103;True;True
31548285000123;True;False
31567098000197;True;True
31588450000170;True;True
31608841000100;True;False
31630073000190;True;True
31644523000102;True;True
31678546000120;True;True
31714319000102;True;True
31716386000166;False;False
31739837000180;True;False
31781997000198;True;True
31801124000108;True;True
31806149000196;True;True
31815409000190;True;True
31857452000118;True;True
31884351000136;False;False
31913936000137;True;True
32050911000110;True;False
32091825000155;True;True
32120952000135;True;True
32215340000126;True;True
32215495000162;True;True
32252378000179;True;True
32270178000149;True;True
32330857000166;True;True
32336808000130;False;False
32362289000185;True;True
32387970000188;True;True
32400943000106;True;True
32416468000158;True;True
32456057000196;True;True
32464159000153;True;False
32497995000134;True;True
32518360000176;True;True
32521604000170;True;True
32554166000146;True;False
32564989000152;True;False
32607211000183;True;True
32611715000177;True;True
32661533000100;True;True
32697638000110;True;False
32720033000100;True;True
32752260000100;True;True
32769761000107;True;False
32770159000181;True;True
32777540000172;True;True
32851583000150;True;True
32868808000181;True;True
32881952000158;False;False
32899062000173;True;False
32924410000115;True;False
32950227000194;True;False
32982632000194;True;True
33000167000101;False;False
33036844000141;True;True
33041346000197;True;False
33082973000176;True;True
33086427000103;True;True
33100092000130;True;True
33106609000107;True;True
33151745000100;True;True
33163050000149;True;False
33169090000106;True;False
33175595000175;True;True
33194841000136;True;True
33228024000151;False;False
33244643000130;True;True
33247312000153;True;False
33377267000151;True;False
33411499000189;True;False
33447687000167;True;True
33452713000145;True;False
33517906000137;True;True
33518179000122;True;True
33544071000104;True;True
33552527000188;False;False
33585119000122;True;False
33590875000140;True;False
33603148000170;True;False
33653869000194;False;False
33713253000161;True;True
33733343000114;True;False
33766881000105;True;True
33788888000128;True;True
33831884000185;False;False
33851872000112;True;False
33881162000135;True;True
33889299000136;True;False
33938119000169;False;False
33956768000192;False;False
33969500000195;True;True
34000723000102;True;True
34002904000259;;
34028316815506;False;False
34048608000108;True;False
34051200000195;True;True
34085325000136;False;False
34163315000171;True;True
34235461000165;True;True
34344867000186;True;True
34353920006570;False;False
34358990000156;True;False
34370150000109;True;True
34374002000162;True;True
34423492000140;True;True
34447894000184;True;True
34452081000182;True;False
34459006000143;True;False
34535421000139;True;False
34630690000184;True;False
34632432000137;True;False
34666126000111;True;True
34669969000171;True;True
34734799000161;True;True
34754951000178;True;True
34781214000164;True;True
34788700000104;True;False
34872393000145;True;True
34897040000108;True;True
34906210000165;False;False
34994255000139;True;True
35001646000178;True;False
35042909000197;True;True
35048333000175;True;False
35070645000185;False;False
35095361000143;True;False
35103049000154;True;True
35103149000180;True;True
35117880000165;True;True
35121228000114;True;True
35131678000198;True;False
35140795000118;True;True
35223370000172;True;True
35377210000188;True;False
35449713000111;True;True
35455956000162;True;True
35461364000153;True;True
35471789000143;True;False
35507610000160;False;False
35529682000109;True;True
35604397000105;True;False
35611630000187;True;True
35640205000116;False;False
35718776000126;True;True
35747784000109;True;True
35753914000108;True;True
35777005000100;True;True
35801739000187;True;True
35806848000197;False;False
35807135000148;True;True
35817419000115;False;False
35823584000180;True;False
35826897000191;True;False
35830361000140;False;False
35915730000105;True;True
35925018000189;True;True
35976151000164;True;True
35984601000160;True;True
35997874000140;True;True
36060461000105;True;True
36066268000173;True;True
36114555000101;True;False
36120407000108;True;False
36148119000153;True;True
36160981000181;True;True
36188007000126;True;False
36205849000149;True;True
36244509000127;True;False
36295249000119;True;False
36354573000160;True;True
36377454000123;True;True
36385166000110;True;True
36443628000109;True;False
36447367000103;True;True
36449019000167;True;False
36473116000195;True;True
36513419000194;True;True
36518293000140;True;True
36524322000187;True;True
36568743000100;True;True
36577022000166;True;True
36602513000110;True;False
36608983000190;False;False
36613629000154;True;False
36620480000130;True;True
36620939000104;False;False
36727970000130;True;False
36728795000104;True;True
36793106000137;True;True
36813417000110;True;True
36820585000133;True;True
36859022000159;True;True
36881754000145;True;True
36884523000195;True;True
36904163000146;True;True
36925627000109;True;True
36939518000132;True;True
36977219000192;False;False
36991050000125;True;True
36998786000125;True;True
37022481000146;True;True
37027527000110;True;True
37040001000170;True;True
37055710000129;True;True
37093862000116;True;True
37126058000196;True;True
37127312000170;True;True
37159402000143;True;True
37192123000181;True;True
37196475000105;True;False
37218665000186;True;True
37235208000108;;
37240693000108;True;True
37243951000100;True;True
37246213000108;True;True
37254375000198;True;True
37261916000105;True;True
37262203000166;True;True
37281926000102;True;True
37339505000195;True;True
37343699000100;True;True
37365546000156;True;True
37368373000120;True;True
37382569000179;True;True
37463376000142;;
37483941000133;;
37486573000187;True;False
37519553000165;True;True
37542882000127;True;True
37543384000107;True;False
37571987000104;True;True
37572599000148;True;True
37592009000149;True;False
37593501000139;True;True
37594923000129;True;True
37601874000104;True;True
37637361000153;True;True
37653613000138;True;True
37678367000179;True;True
37779554000149;True;True
37783652000150;True;True
37786139000112;True;False
37827123000100;True;True
37828414000113;True;True
37888365000104;True;True
37918066000175;True;True
37922447000128;True;True
37926887000153;True;True
37994337000171;True;False
38076078000162;True;True
38091613000154;True;False
38135371000153;True;True
38167739000165;True;True
38198176000172;True;True
38221963000198;True;True
38251314000130;True;True
38253800000197;True;True
38259645000116;True;True
38291149000140;True;True
38337782000121;True;True
38440795000121;True;True
38444586000156;;
38462118000104;True;True
38545294000100;True;False
38649199000156;True;False
38799551000130;True;False
38890792000190;;
38905011000193;True;False
38925712000194;True;True
39231926000123;True;True
39234361000138;True;True
39283617000105;True;True
39330979000100;True;False
39343227000175;True;True
39346007000103;True;True
39364504000126;True;False
39365621000104;True;True
39371066000123;True;True
39396974000171;True;False
39427069000131;True;True
39429015000105;True;True
39433577000122;True;True
39454917000100;False;False
39474578000115;True;True
39477280000169;True;True
39494735000154;True;True
39508546000193;True;True
39515525000103;True;True
39530469000178;True;True
39537209000124;True;True
39573659000172;True;True
39621506000153;True;True
39681062000141;True;True
39684749000130;True;True
39691141000133;True;True
39719664000140;True;True
39743826000186;True;True
39745797000191;;
39774496000196;True;False
39783520000153;True;True
39795698000114;True;True
39821757000181;True;False
39844853000145;True;False
39855378000102;True;True
39858359000130;True;True
39966927000116;True;True
39996140000105;True;True
40002262000100;True;True
40037148000115;True;True
40054994000143;True;True
40060158000171;True;False
40060588000193;True;True
40117222000103;True;True
40121943000197;True;True
40123725000191;True;True
40138997000165;True;True
40186644000130;True;True
40199448000109;True;True
40215169000183;True;True
40215594000172;True;True
40224613000127;True;False
40226118000157;True;False
40244273000104;True;False
40247089000100;True;True
40303746000199;True;True
40305795000160;True;True
40312940000130;True;False
40313533000148;True;True
40371847000105;True;True
40402773000119;True;True
40413670000154;True;True
40453811000162;True;True
40467068000108;True;True
40518944000170;True;True
40527629000109;True;True
40531586000135;True;True
40536764000110;True;True
40542715000190;True;True
40596385000116;True;False
40717024000180;True;True
40719162000107;True;False
40739603000124;True;True
40818249000123;True;True
40819242000126;True;True
40851249000125;True;False
40851577000121;True;False
40854142000130;True;True
40873591000126;True;True
40889444000144;True;True
40934919000177;True;True
40959681000134;True;True
40962046000106;True;True
40963201000109;True;True
40975224000133;True;True
40985762000109;True;True
40994073000160;True;True
41029409000118;True;True
41031344000145;True;True
41045161000189;True;True
41059735000178;True;True
41193127000151;True;True
41194860000190;True;True
41196741000177;True;False
41199822000120;True;True
41205237000196;True;True
41217577000137;True;True
41225559000105;True;True
41268311000113;True;True
41301936000130;;
41336780000122;True;True
41355006000169;True;True
41358465000104;True;True
41363259000184;True;True
41376569000133;True;True
41380009000152;True;True
41383909000153;True;True
41391139000190;True;True
41419846000148;True;False
41423305000193;True;True
41480704000196;True;True
41495989000139;True;True
41521477000108;False;False
41524220000100;True;True
41527017000189;True;True
41533473000131;True;True
41562156000143;;
41592651000103;True;True
41613678000127;True;True
41651038000101;True;True
41658327000132;True;True
41658437000102;True;True
41725685000110;True;False
41732768000137;True;False
41740552000113;True;True
41746591000128;True;True
41775187000182;;
41797172000115;True;True
41827167000108;True;True
41856790000199;False;False
41867760000188;True;False
41889920000190;True;True
41902401000114;True;True
41911184000129;True;True
41924145000166;True;True
41939139000182;True;True
41951889000170;True;True
41952716000176;True;True
41966989000170;True;True
41982955000179;True;False
42037266000159;True;True
42052475000171;True;True
42065783000131;True;True
42096805000120;True;False
42133284000134;True;True
42138106000104;True;True
42150808000103;True;True
42154447000165;True;True
42183333000143;;
42277967000165;True;True
42298835000110;True;True
42299378000188;True;False
42310844000189;True;False
42346239000168;True;False
42347652000147;True;True
42353402000110;True;True
42362991000100;True;False
42416951000196;;
42418514000101;True;True
42440015000110;True;True
42469027000178;True;True
42492768000170;True;True
42508975000175;True;True
42557175000144;True;True
42591651032932;False;False
42609477000119;True;True
42615001000190;True;True
42644990000140;True;True
42651010000137;True;False
42652242000100;True;True
42664883000184;;
42681062000156;True;True
42684870000177;True;True
42701282000102;True;True
42724233000187;True;True
42726341000199;True;True
42741233000195;True;False
42749016000141;True;True
42768926000171;True;True
42769597000183;True;True
42812687000100;True;False
42813852000148;;
42816893000198;True;True
42865532000131;True;False
42866654000142;True;False
42875408000157;True;False
42889186000121;True;True
42899413000108;True;True
42909780000137;True;True
42922569000154;True;False
42930846000170;True;True
42944128000153;True;True
42998079000131;True;True
43008292000111;True;True
43027512000154;True;True
43035035000179;True;True
43051918000172;True;True
43074446000173;True;True
43086604000105;True;True
43110471000165;True;True
43178336000151;True;True
43179545000110;True;True
43185362000107;False;False
43210083000156;True;True
43236748000109;True;True
43307146000197;True;True
43309527000105;True;True
43320827000195;True;True
43418943000141;True;True
43452649000156;True;True
43459367000180;True;True
43484721000127;True;True
43495683000108;True;True
43525586000110;True;True
43567987000133;True;True
43568241000144;True;True
43649204000160;True;True
43657255000134;;
43721308000139;True;True
43729366000109;True;True
43772835000172;True;True
43784093000103;;
43805377000120;True;True
43819842000182;True;True
43832487000181;True;True
43848858000113;True;False
43922986000160;True;True
43932633000140;True;False
44011516000107;True;True
44012224000199;True;True
44057620000132;True;True
44068535000170;True;True
44069241000162;True;False
44166340000162;True;False
44169226000196;True;False
44222128000175;True;True
44224549000135;True;True
44234957000178;True;True
44255477000193;True;True
44287189000110;True;True
44319446000159;True;True
44320889000160;True;True
44329570000103;True;True
44343413000144;True;True
44391434000135;True;False
44392737000172;True;False
44393435000119;True;False
44418822000162;True;False
44421167000100;True;True
44426685000108;True;False
44427811000149;True;True
44429572000166;True;True
44434907000134;True;True
44451525000119;True;True
44464896000135;True;True
44467705000199;True;True
44488626000164;True;True
44523828000108;True;True
44525057000180;True;True
44600069000121;;
44622588000190;True;True
44652316000133;True;True
44683194000142;True;True
44687306000133;True;True
44707892000130;True;True
44715398000118;True;True
44751157000124;True;True
44759810000100;;
44777669000160;True;True
44781420000128;True;True
44788193000162;True;True
44792453000173;True;True
44793207000136;True;True
44805383000140;True;False
44812526000141;True;True
44832660000104;True;True
44849449000102;True;True
44867686000198;True;False
44881709000119;True;True
44883768000126;True;True
44893009000144;True;True
44910296000153;True;True
44924038000126;True;True
44938632000176;True;True
44961867000189;True;True
44964744000100;True;True
44998918000147;True;True
45064723000192;True;True
45076383000110;True;True
45088082000106;True;True
45199535000171;True;True
45233501000156;True;True
45247927000169;True;False
45270029000121;True;True
45295990000170;True;True
45335345000134;True;True
45356070000115;True;True
45381278000194;True;True
45463069000190;True;True
45468980001838;False;False
45489136000145;True;True
45496515000162;True;True
45503234000190;True;True
45602565000187;True;True
45608736000185;True;True
45634295000196;True;False
45651673000140;True;True
45664857000144;True;True
45674845000109;True;True
45724444000108;True;True
45744105000193;True;True
45753974000184;True;True
45759071000100;True;True
45759795000154;True;False
45769951000168;True;True
45775620000130;True;False
45817462000134;True;True
45820937000141;True;True
45821439000113;True;True
45828393000164;True;False
45829557000178;True;True
45834796000116;True;True
45843282000127;True;True
45849108000191;True;True
45895348000122;True;True
45948541000184;True;True
45961340000117;True;True
45982086000133;True;True
45998110000122;True;False
46019339000130;True;True
46033728000110;True;True
46053964000107;True;True
46054172000149;True;True
46057521000186;True;True
46072985000161;True;True
46079746000133;True;True
46085750000104;True;True
46157353000109;True;True
46175282000169;True;True
46208825000105;True;True
46222157000162;True;True
46222635000134;True;True
46282963000126;True;True
46287179000100;True;True
46314052000133;True;True
46377211000149;True;True
46378475000117;;
46389149000105;;
46390941000180;;
46410366000130;;
46441986000136;False;False
46469132000168;True;True
46472778000102;True;False
46489404000191;True;True
46491778000141;True;True
46538212000128;True;False
46543482000127;True;True
46555018000150;;
46560460000175;;
46634424000109;False;False
46642420000172;True;True
46661569000107;True;True
46680838000174;True;True
46683088000194;True;True
46685877000164;True;True
46738414000113;;
46741549000138;True;True
46766076000123;True;True
46772833000171;True;True
46776783000109;True;True
46793340000118;True;False
46856583000158;True;True
46907534000105;True;True
46910074000166;;
46915643000166;True;True
46932824000109;True;True
46933642000144;True;True
46939454000123;True;True
46948615000145;True;True
46969301000129;True;True
46970946000181;True;False
47031795000169;True;True
47031952000136;True;False
47061354000100;True;True
47073487000104;True;False
47114614000168;True;True
47180524000175;True;True
47182791000181;;
47194954000146;True;True
47201179000109;True;False
47208066000135;True;True
47208736000113;True;True
47209179000155;True;True
47248782000146;True;True
47250265000101;True;True
47275935000144;True;False
47277658000109;;
47281701000100;True;True
47346379000150;True;True
47352569000180;True;True
47407243000102;True;True
47420188000190;True;False
47426665000125;True;True
47472319000183;True;True
47487123000162;True;True
47509988000182;True;True
47550032000124;True;True
47581515000196;True;True
47592065000137;True;True
47600057000195;True;True
47614122000131;;
47626611000103;True;True
47652845000125;True;True
47662015000189;True;True
47715338000193;True;True
47720426000183;True;True
47741944000183;True;True
47773729000164;True;True
47790239000176;True;True
47818123000106;True;True
47824872000138;True;True
47835068000154;True;True
47844086000100;True;True
47851751000185;True;True
47860660000106;True;True
47862147000154;True;True
47875681000103;True;True
47922023000117;;
47927032000109;;
47937978000148;;
47998649000107;;
48000937000193;;
48003444000107;;
48022121000160;;
48143661000100;;
48156803000166;;
48201469000115;;
48203687000199;;
48216961000164;;
48225664000185;;
48277128000123;;
48379724000114;;
48806277000132;True;False
50005073000144;True;False
51144194000130;False;False
52801362000185;False;False
55417372000100;False;False
56083645000190;True;False
56642960011063;False;False
58453994000343;False;False
59105999000186;False;False
59981829000165;False;False
60444437005458;False;False
60537263000166;False;False
60608486000177;True;False
61065298000102;False;False
61065751000180;False;False
61156113000175;False;False
61156931000178;False;False
61189288000189;False;False
61585865150803;False;False
62769500051569;False;False
64913536000180;False;False
67620377000114;False;False
68850577000126;True;False
70314497000106;True;True
70338991000100;False;False
73178600000118;False;False
76627504000106;False;False
76882612003132;False;False
80084809003870;False;False
80614266000163;False;False
82324864000123;False;False
82643537000134;False;False
83608646000183;False;False
86184033000154;False;False
86914496000124;True;False
86954211000260;False;False
87547360000196;False;False
90076886000140;False;False
90802034000192;True;False
93901957000190;False;False
97536867000106;True;True
97837181000147;False;False
63947000141;False;False
72429000194;False;False
78115000107;False;False
203351000108;False;False
394478005706;False;False
405891000166;True;False
507331000112;True;False
540565000161;False;False
636363000118;True;False
720022000126;False;False
764305000170;True;False
833176000124;False;False
949142000108;False;False
981903000109;True;False
1030685000696;False;False
1167230000102;True;False
1201183000176;False;False
1318816000120;True;False
1405279000237;False;False
1625700000134;False;False
1735143000104;True;False
1774982000131;True;False
1786827000135;True;False
1813455000199;True;False
1826260000183;True;True
1851771000155;False;False
1951517000129;True;False
2020620001513;False;False
2101052000180;False;False
2112055000208;;
2137229000106;True;False
2143973000105;False;False
2258052000198;False;False
2284651000186;False;False
2291739000478;;
2387241000160;False;False
2409761000712;False;False
2477406000195;False;False
2502520000209;;
2519944000103;True;False
2614230000176;True;False
2720128000155;False;False
2762124000130;False;False
2766038005083;False;False
2776457000118;False;False
2859090000287;True;False
2920310000150;True;False
2940885000134;True;False
3022588000253;False;False
3045431000162;False;False
3071108000678;True;False
3076884000156;True;False
3172020000138;True;False
3301925001647;;
3305025000272;False;False
3312286000139;False;False
3354902000114;True;False
3483514000133;True;False
3574419000145;True;False
3701572000196;True;False
3782387000173;False;False
3826240000138;False;False
3956712000177;False;False
4079126000154;False;False
4085961000105;True;False
4100247000130;True;False
4118240000146;True;False
4197051000106;False;False
4197399000101;True;False
4251447000194;False;False
4457209000130;False;False
4561592000171;False;False
4573806000120;True;False
4617232000144;True;False
4650878000123;False;False
4679826000180;False;False
4683453000110;False;False
4714724000158;False;False
4746127000105;True;False
4794035000109;True;False
4799297000158;False;False
4830138000179;True;False
4858621000161;False;False
4938938000108;False;False
4951157000153;True;False
4988806000190;False;False
5160708000123;False;False
5192024000103;False;False
5197443000138;False;False
5204518000160;False;False
5298449000100;True;True
5365894000137;True;False
5391409000108;False;False
5407201000202;;
5490224000576;;
5495546000184;False;False
5501867000144;True;False
5567347000134;True;False
5737677000120;True;True
5738790000120;False;False
5755187000157;True;False
5852099000173;True;False
5872995000102;False;False
5875295000163;False;False
5931830000156;True;False
5934744000105;False;False
6164253000187;False;False
6222761000174;True;False
6229965000137;True;False
6933500000162;True;False
7012920000179;False;False
7050247000161;True;False
7127837000145;False;False
7191228004819;;
7228156000173;True;False
7230766000101;False;False
7512515000110;False;False
7729134000197;True;False
7805417000170;False;False
7900503000677;False;False
7948976000482;False;False
7957585000181;False;False
7998146003647;False;False
8049284000112;False;False
8063312000156;False;False
8080559000180;False;False
8114493000445;False;False
8145811000192;False;False
8152767000148;False;False
8159307000222;False;False
8167084000164;False;False
8189666000141;True;False
8233119000116;False;False
8239435000103;True;False
8331570000176;True;False
8363519000146;False;False
8389201000134;False;False
8401227000150;True;False
8421178000380;False;False
8439659000150;False;False
8496367000230;False;False
8621539000170;True;False
8661600000102;True;False
8736011000812;False;False
8832429000157;False;False
8871058003308;False;False
8902291000115;False;False
8985516000144;True;False
9036160000165;False;False
9064250000160;False;False
9068488000163;True;False
9087451000182;True;False
9112685000132;False;False
9142268000132;True;False
9144358000162;False;False
9149503000106;False;False
9197008000164;True;False
9218881000196;True;False
9291981000148;False;False
9340499000150;False;False
9380594000188;False;False
9434869000119;True;False
9452086000168;True;False
9472710000199;True;False
9494150000173;False;False
9499644000140;True;False
9518074000199;True;False
9577282000169;False;False
9582398000196;True;True
9601111000128;False;False
9611768000176;False;False
9627471000107;False;False
9637150000185;True;True
9662119000102;False;False
9688569000166;True;False
9794975017006;False;False
9942069000109;True;True
10338320000100;False;False
10353021000144;False;False
10373321000195;True;False
10379317000134;True;False
10390182000299;False;False
10417868000145;True;False
10494550000168;False;False
10554353000197;False;False
10619255000190;False;False
10645585000150;True;False
10655958000255;False;False
10716567000112;True;False
10717560000115;False;False
10730676000194;True;False
10836527000104;False;False
10867813000137;True;False
10884128000119;True;False
10889198000160;True;False
10910017000130;False;False
10920827000177;True;False
10936338000103;True;False
10959970000172;False;False
10977781000122;True;False
11018673000195;True;False
11029958000121;False;False
11198150000178;False;False
11209423000132;True;False
11244550000172;True;False
11246879000253;False;False
11269626000114;False;False
11313957000104;False;False
11325703000106;True;False
11339567000103;False;False
11374746000181;False;False
11396416000197;True;False
11407343000191;False;False
11578926000185;True;True
11644948000104;False;False
11659187000156;False;False
11830497000191;True;True
11889322000150;True;False
11922451000100;True;True
12004352000102;True;True
12146352000139;False;False
12157093000141;True;False
12264106000181;True;True
12381242000151;True;False
12476769000160;True;False
12497252000157;True;False
12584083000192;True;False
12598375000184;True;True
12625913000182;False;False
12629983000109;False;False
12800874000102;True;True
12853137000178;True;True
12939520000143;True;False
12972367000156;True;True
13009717000146;False;False
13123638000161;False;False
13184649000151;True;True
13192263000191;True;True
13262736000180;True;True
13270880000168;True;True
13296044000152;False;False
13326261000148;False;False
13326584000131;True;True
13335621000178;True;False
13345008000131;True;False
13357669000187;True;True
13358364000190;False;False
13585523000199;True;True
13648616000115;True;False
13755165000115;True;True
13823180000153;True;False
13832909000239;;
13841587000103;True;False
13910337000188;True;True
13916353000188;True;True
14070575000276;False;False
14127813000151;False;False
14142602000198;True;False
14156096000196;True;True
14167919000189;True;False
14243565000104;True;True
14251344000188;True;False
14317417000197;True;True
14340692000121;True;True
14546439000129;True;True
14572733000105;True;False
14649582000146;True;True
14685434000187;True;True
14687415000190;True;True
14779802000156;True;False
14785152000151;False;False
14790670000163;False;False
14797004000238;False;False
14829858000178;True;True
14841002000118;True;True
14858363000177;True;True
14893585000120;True;False
14911562000100;True;False
14913506000104;True;True
14990140000240;False;False
15028794000179;True;True
15080957000162;False;False
15131633000106;True;True
15172878000181;True;True
15378113000100;False;False
15406982000193;True;False
15413545000105;True;False
15453134000135;True;True
15500532000165;True;True
15506161000129;True;True
15564542000164;True;True
15570841000101;True;False
15747974000100;False;False
16482301000139;False;False
16483150000133;True;False
16553911000186;True;False
16586749000100;True;False
16618347000132;True;False
16651833000152;True;True
16685385000108;True;False
16744095000279;;
16841978000116;True;False
16880856000139;False;False
16883496000129;True;False
16963701000166;True;True
16994298000132;False;False
17141969000185;False;False
17155730000164;False;False
17198181000105;True;False
17212641000374;True;False
17250162000180;True;False
17255690000122;True;True
17263839000204;;
17292762000101;True;False
17344597000194;False;False
17431366000118;True;True
17549159000162;False;False
17559755000123;True;False
17624728000197;True;False
17676180000200;False;False
17682185000164;True;True
17742708000110;True;True
17790378000139;True;True
17824359000186;True;False
17835184000102;True;True
17851141000110;True;True
17871030000176;False;False
17892370000183;True;True
18073887000103;False;False
18083400000173;True;True
18112312000152;False;False
18126628000101;False;False
18128166000153;True;True
18141186000164;True;True
18178637000138;False;False
18186082000176;True;True
18206251000192;False;False
18257357000115;True;True
18288115000199;True;False
18328118000109;False;False
18364885000173;False;False
18494485000182;False;False
18519353000168;False;False
18522952000130;True;True
18538545000111;True;False
18597877000177;True;False
18638183000130;True;True
18681903000140;False;False
18697955000105;False;False
18741036000191;True;True
18763140000187;True;True
18835087000182;True;False
18849081000164;True;False
18887548000160;True;False
18905905000176;True;True
18986437000101;True;True
19078027000125;True;False
19096003000107;True;True
19107890000163;True;False
19137969000137;True;False
19174737000159;True;False
19205428000107;True;True
19276449000105;True;False
19351946000120;True;True
19378769000176;False;False
19467912000104;True;False
19497066000167;True;True
19563290000100;True;True
19573284000133;True;False
19580143000148;True;True
19590280000163;False;False
19704891000195;True;False
19736488000148;True;True
19796586000170;False;False
19805651000187;True;True
19883102000120;True;True
19904771000131;False;False
19907684000138;True;False
19949451000106;True;False
19968285000187;False;False
19988329000130;True;True
20028629000157;True;True
20064842000114;True;True
20080561000155;True;False
20114781000152;True;False
20205338000197;False;False
20228084000122;True;False
20339120000125;True;True
20392756000130;True;False
20546608000395;;
20688009000144;True;True
20725710000196;False;False
20735381000164;False;False
20753443000160;True;False
20953701000233;False;False
20966319000183;True;False
21049273000109;True;True
21056196000106;True;False
21070076000163;True;True
21080430000130;True;False
21127602000184;True;False
21197014000117;False;False
21214730000165;True;True
21217857000138;False;False
21348660000138;False;False
21358239000108;False;False
21367254000112;False;False
21405774000172;False;False
21427904000178;True;True
21430694000177;True;False
21523268000188;True;True
21638229000126;True;True
21717620000116;True;True
21901561000131;True;True
21912917000132;True;True
21919293000185;True;True
21924657000115;False;False
21961475000114;False;False
22037509000141;True;False
22119134000169;True;True
22145062000124;True;False
22159807000104;True;True
22165645000206;;
22226635000144;False;False
22237189000173;True;True
22315376000128;True;False
22318474000119;True;False
22366166000169;True;True
22397501000196;True;True
22400151000170;True;False
22435645000190;True;True
22499460000149;True;True
22524927000163;True;True
22578332000190;True;False
22600683000150;True;True
22621310000166;True;False
22657174000164;True;True
22722584000141;False;False
22740826000120;False;False
22808537000115;True;True
22825912000135;True;True
22919493000109;True;False
22990284008047;False;False
23026538000170;False;False
23068271000184;True;True
23073764000102;True;True
23087941000100;False;False
23121900000192;True;False
23126989000180;True;True
23208943000100;True;True
23279214000144;True;True
23285283000160;True;False
23432137000110;True;True
23437607000139;True;False
23674689000135;True;True
23710006000158;True;True
23790746000141;True;True
23818015000167;True;True
23825846000166;True;True
23826893000124;True;False
23849322000105;True;False
23851666000159;False;False
23874546000177;False;False
23893762000160;True;True
23906946000117;True;True
23956416000183;True;True
23984600000137;True;True
23990639000167;True;True
24044500000193;True;False
24045670000192;False;False
24098036000118;True;True
24101475000132;True;False
24200774000124;True;False
24206676000102;True;True
24207077000103;True;False
24255802000100;True;True
24334187000128;True;False
24363683000100;True;False
24372516000125;True;True
24394101000152;True;True
24414696000160;True;True
24584707000150;True;True
24607712000131;True;True
24608774000168;True;True
24615666000112;True;True
24662438000101;False;False
24674680000197;True;True
24680105000369;False;False
24702356000216;;
24705228000145;True;True
24725894000145;True;False
24736208000131;True;True
24755189000190;True;True
24819718000172;True;True
24949605000191;True;True
25011083000145;True;True
25117534000123;True;False
25127323000171;False;False
25142603000159;True;True
25209357000105;True;True
25222838000150;False;False
25223682000122;True;True
25261141000199;True;True
25424679000177;False;False
26011181000145;True;True
26035957000167;True;True
26036461000108;True;True
26121927000173;True;True
26123981000158;True;True
26195899000139;True;True
26206731000181;True;True
26371547000197;True;True
26381998000105;False;False
26402469000140;True;True
26518072000119;True;True
26533830000178;True;True
26679003000197;True;False
26687785000106;True;True
26769476000185;True;True
26787955000124;True;True
26840527000118;True;True
26905662000102;True;False
26924165000143;True;False
26969126000162;False;False
26987207000195;True;True
26987849000194;True;True
26993875000125;True;True
27048383000124;False;False
27145734000115;True;True
27182920000124;True;True
27225402000140;True;False
27242010000190;True;False
27403098000184;True;False
27512116000166;False;False
27552476000191;True;True
27579188000120;True;True
27672560000149;True;False
27701564001180;False;False
27718905000158;True;True
27740062000196;True;True
27743123000179;True;True
27846686000192;True;True
27882334000192;False;False
27999387000198;True;True
28054888000164;True;False
28074310000170;True;True
28179636000161;False;False
28195932000156;True;True
28242471000125;True;False
28367565000120;True;False
28389016000157;False;False
28430537000100;True;True
28473520000130;True;True
28505144000119;True;True
28542463000102;True;True
28607110000135;True;True
28649056000190;True;True
28678636000106;True;False
28780796000161;True;True
28826378000168;False;False
28856000000107;True;False
28892018000164;True;True
28961608000100;True;True
28964715000345;;
28983602000125;True;True
29016214000138;True;False
29305956000183;True;False
29349014000105;False;False
29563676000175;True;True
29589077000120;True;True
29597048000100;True;True
29642663000191;True;True
29664975000104;True;False
29691031000118;True;True
29745030000109;True;True
29786512000107;True;False
29794813000182;True;False
29872417000126;True;False
29911230000194;True;False
29914701000118;True;True
29921771000101;True;True
29967522000149;False;False
29995344000160;True;True
30016297000144;True;True
30024489000100;True;False
30044368000112;True;True
30051579000182;False;False
30055777000114;True;True
30059929000157;True;False
30213493000109;False;False
30226440000122;True;True
30254053000108;True;False
30258656000170;True;True
30299992000160;True;True
30300746000181;True;True
30329024000150;True;True
30333713000138;True;True
30387169000107;True;True
30401257000116;True;False
30428827000161;False;False
30431064000108;True;False
30455606000182;True;True
30592556000185;True;True
30601848000137;True;True
30604678000144;True;True
30645344000119;True;True
30716752000114;True;True
30741229000148;True;False
30778152000180;True;True
30936625000120;True;True
30990643000190;True;True
30993310000115;True;True
31010090000125;True;True
31027906000123;False;False
31051712000163;True;True
31069869000116;True;True
31075458000133;True;True
31134906000122;True;False
31239415000146;True;True
31244276000149;True;True
31263483000140;True;False
31345255000110;True;True
31354310000138;True;True
31385923000132;True;False
31486060000190;True;True
31553627000101;False;False
31576380000130;True;True
31608553000155;True;False
31731108000188;True;True
31750336000103;True;True
31766670000147;True;True
31839476000144;True;True
31853016000170;True;True
31861385000105;True;False
31902324000149;True;True
31978867000140;True;True
32019225000186;True;False
32033280000120;True;True
32065728000198;True;False
32168005000114;True;False
32211313000185;True;True
32237787000104;True;False
32242402000199;True;True
32333511000111;True;False
32335233000131;True;True
32388885000134;True;True
32396238000174;True;False
32446535000187;False;False
32604335000105;True;False
32663110000120;True;True
32684692000120;True;True
32700247000107;False;False
32755649000109;True;True
32785497000197;False;False
32966215000158;True;True
33041260065290;False;False
33111246000190;False;False
33128093000193;True;False
33200049000147;False;False
33226569000129;True;True
33231789000140;True;True
33239812000143;True;True
33256163000199;True;True
33266135000152;True;True
33276869000112;True;True
33299271000149;True;False
33310994000100;True;False
33318839000121;False;False
33319820000108;True;True
33386210000119;False;False
33391551000182;True;True
33399617000180;True;False
33425643000136;True;True
33427327000101;True;True
33427862000154;True;True
33473195000146;True;True
33492834000110;True;False
33503898000170;True;True
33546147000130;True;True
33562900000181;True;True
33658632000104;True;True
33668917000118;True;True
33669501000114;True;True
33680846000250;;
33724625000155;True;False
33734570000164;True;True
33735863000166;True;False
33763229000137;True;False
33838222000137;True;False
33855708000183;True;True
33861525000170;False;False
33946782000105;True;True
33965300000164;False;False
33976233000183;True;True
34028316244169;False;False
34038767000121;True;False
34054459000190;False;False
34055747000169;True;True
34102854000109;True;False
34151195000192;True;True
34231240000119;True;True
34296239000172;True;False
34378603000143;True;True
34428718000103;True;True
34493846000122;True;True
34513294000177;True;True
34628136000162;True;True
34634031000116;True;True
34655917000146;True;True
34673659000120;True;True
34766494000131;True;True
34805138000180;False;False
34818863000192;True;True
34821120000171;True;True
34843147000165;True;True
34887613000104;True;False
34899621000170;True;True
34901945000104;True;False
34923505000140;True;True
34974241000153;True;False
34996143000117;True;True
34997240000124;True;True
34997853000161;True;True
35058263000136;True;True
35058794000129;True;True
35059999000129;False;False
35086353000130;True;True
35100319000173;True;True
35149200000195;True;True
35155843000141;True;False
35169370000131;True;False
35237264000148;True;True
35326608000195;True;True
35384274000106;True;True
35441543000129;True;True
35449698000101;True;True
35493695000175;True;True
35515232000167;False;False
35615296000130;True;False
35617404000103;True;True
35646923000108;True;False
35775027000130;True;False
35776024000111;True;False
35786382000105;False;False
35798698000117;True;True
35844987000105;False;False
35849358000178;True;False
35849773000121;True;True
35860628000141;True;True
35878969000144;True;False
35911846000168;True;False
35914706000143;True;True
35926672000107;False;False
35958093000146;True;True
35959955000155;True;True
35975882000195;True;True
36099015000104;True;True
36105182000102;True;True
36146166000168;False;False
36150831000197;True;True
36159739000198;False;False
36162705000152;True;True
36257710000149;True;True
36325815000198;True;True
36326358000156;False;False
36330205000182;True;True
36440006000127;True;False
36488257000181;True;True
36525284000187;True;True
36535768000107;True;True
36560888000164;True;False
36561616000189;;
36582069000118;True;True
36585328000164;True;True
36594180000124;True;False
36608562000160;False;False
36624296000169;True;False
36706078000173;True;False
36709229000147;True;False
36720011000193;True;True
36749983000100;True;True
36754884000117;True;True
36767790000182;True;True
36776783000147;False;False
36777491000129;True;True
36818891000135;True;True
36839548000177;True;True
36841098000157;True;True
36849059000104;True;True
36862752000109;True;True
36867091000104;True;False
36870866000109;True;True
36894264000183;True;True
36903242000132;True;True
36986041000146;True;True
36987090000101;True;False
36993174000140;True;True
37082194000121;True;True
37106920000107;True;False
37111756000118;True;True
37169402000124;True;True
37171847000149;True;True
37174836000112;False;False
37247149000180;True;True
37265930000187;True;True
37281118000145;True;True
37297800000126;True;True
37304840000158;True;True
37310569000163;True;False
37312352000192;True;False
37341621000149;True;True
37358031000129;True;True
37402828000186;True;True
37433571000120;True;True
37456499000156;True;True
37476731000118;True;True
37591521000170;True;True
37600815000111;True;True
37602271000127;True;True
37603185000139;True;True
37639411000131;True;True
37639563000134;True;True
37654155000151;True;True
37673049000115;True;True
37695968000190;True;True
37714113000169;True;True
37716634000155;True;True
37722926000109;True;True
37724867000108;True;True
37774714000167;True;False
37775548000113;True;True
37778063000183;True;True
37780849000135;;
37817803000143;True;True
37824233000119;True;True
37878301000122;True;False
37886310000165;True;True
37892782000120;True;False
37912769000196;True;False
37913849000166;True;True
37921826000101;True;False
37946751000105;True;True
37947599000185;True;True
37984152000186;True;True
38018234000139;True;True
38023928000164;True;False
38051830000110;True;True
38065109000180;True;True
38134744000171;True;True
38162925000101;True;True
38259366000152;True;False
38329092000120;True;True
38350660000175;True;True
38386163000127;True;True
38409138000111;True;False
38420041000100;True;True
38431083000146;True;True
38461506000170;;
38499887000187;True;True
38501001000192;True;True
38592461000173;True;True
38650734000199;True;True
38823181000129;True;True
38948237000171;True;False
38973011000120;True;False
39307560000129;True;False
39322187000185;True;True
39333199000105;True;True
39363170000176;True;False
39394375000119;True;True
39448937000160;True;False
39473928000129;True;True
39489661000168;True;False
39511293000107;True;True
39532199000134;True;True
39562169000170;True;True
39573160000165;;
39598036000154;True;True
39611887000190;True;True
39637239000102;True;True
39663850000105;True;True
39708972000170;True;True
39711818000158;True;True
39718091000211;;
39747966000122;True;True
39754747000170;True;False
39813707000152;True;False
39872712000136;True;True
39877878000145;True;True
39884508000135;True;True
39899052000187;True;True
39932823000190;True;True
39949172000141;True;True
39956985000169;True;False
39960040000110;True;True
39990465000172;True;True
40007201000135;True;True
40045936000153;True;True
40064176000121;True;True
40120161000133;True;False
40128255000159;True;True
40132723000169;True;False
40140739000113;True;True
40145541000122;True;True
40147963000137;True;True
40150428000135;True;True
40153499000191;;
40201002000163;True;True
40211960000115;True;True
40216217000158;True;True
40221482000124;True;False
40236274000107;True;True
40241148000132;True;True
40243518000170;True;True
40266049000105;True;True
40269711000180;True;True
40279436000186;True;False
40279884000180;True;False
40289378000171;False;False
40292015000195;True;True
40326094000108;True;True
40348125000121;True;True
40352587000112;True;True
40390224000171;True;True
40426561000171;False;False
40441076000177;True;True
40463241000191;True;True
40469203000146;True;False
40476917000181;True;False
40514726000167;True;True
40532530000103;True;True
40541452000103;True;True
40549832000186;True;True
40560258000167;True;True
40566285000147;True;False
40571039000183;True;False
40576008000115;True;True
40599834000180;False;False
40605833000109;;
40613942000160;True;True
40634653000147;True;True
40646346000186;True;True
40667221000132;True;True
40701803000198;True;True
40719472000113;True;True
40734443000120;True;True
40782530000153;True;True
40803982000174;True;True
40809851000102;True;True
40873816000144;True;True
40893940000171;;
40923940000177;True;True
40937247000153;True;True
40967954000192;True;True
41017060000102;True;True
41036270000130;True;True
41073125000129;True;True
41086499000189;True;True
41087448000171;True;True
41129368000131;True;True
41178928000148;True;True
41223253000101;True;True
41229944000112;True;True
41247233000170;True;True
41303468000132;True;True
41353783000174;True;False
41389979000119;True;True
41402253000179;True;False
41421501000129;True;False
41422927000105;;
41431332000108;True;True
41495781000110;True;False
41508042000115;True;False
41515596000140;True;False
41536776000108;True;True
41571193000118;True;False
41631046000196;True;False
41633369000119;True;True
41633591000111;True;True
41653963000171;True;True
41677580000133;True;True
41709027000135;True;True
41753787000140;;
41762925000238;;
41782445000158;True;True
41793797000109;True;True
41847850000107;True;True
41861769000181;True;True
41865799000166;True;True
41893654000179;;
41904092000111;;
41904643000147;True;True
41909005000119;True;True
41914920000100;True;False
41942266000130;True;True
41988880000133;True;True
42000739000143;True;True
42019867000139;True;False
42030887000100;;
42036303000104;True;True
42039419000105;True;True
42039585000101;True;True
42056419000105;True;False
42069780000176;True;True
42090697000189;True;True
42092309000107;True;False
42108330000145;True;True
42111339000105;True;True
42118370000178;True;True
42132259000136;True;True
42133212000197;True;True
42156143000137;True;True
42191283000146;True;True
42207781000130;True;True
42208134000142;True;True
42260524000161;True;True
42334803000122;True;True
42343456000102;True;True
42346529000101;True;True
42370207000106;True;True
42376382000100;True;True
42423780000122;False;False
42427514000178;True;False
42444722000185;True;True
42474526000153;True;True
42474921000136;True;True
42549588000187;True;True
42593946000159;True;True
42613433000162;True;True
42637483000180;True;True
42646314000106;True;False
42660562000101;True;False
42709472000168;True;True
42736982000124;True;True
42741805000136;True;True
42756939000120;True;True
42787512000190;True;False
42796723000199;True;True
42803291000104;True;True
42839108000112;True;True
42841935000140;True;False
42849884000101;True;True
42886599000152;True;False
42934350000175;;
42989465000167;True;True
43032431000142;True;True
43038309000183;;
43041066000132;True;True
43042750000139;True;True
43087339000180;True;True
43134833000158;True;True
43187418000162;False;False
43230560000145;True;False
43231129000113;True;False
43241513000105;True;True
43250429000140;True;True
43296260000169;True;False
43359478000115;True;True
43366801000188;True;True
43386638000115;True;False
43403739000157;True;True
43457151000186;True;False
43485314000134;True;True
43510582000169;True;True
43535018000109;True;True
43572168000184;True;True
43599911000190;True;False
43691463000150;True;True
43716064000104;True;False
43719556000145;True;True
43719966000196;True;True
43728754000175;True;True
43731494000197;True;False
43761233000110;True;True
43790075000126;True;True
43864037000170;True;True
43866337000199;True;True
43869035000174;True;True
43904445000109;True;True
43916661000174;True;True
43955925000107;True;True
43972084000138;True;True
43975037000148;True;True
43994427000165;True;True
44044342000189;True;True
44048644000125;True;True
44068186000196;True;True
44080278000191;True;True
44095787000198;True;True
44144636000182;True;True
44163767000107;True;True
44228004000105;;
44230244000136;True;True
44230975000181;True;True
44235119000119;True;True
44256174000195;;
44275932000112;True;True
44286048000183;True;True
44311912000150;True;True
44322768000157;True;True
44339343000150;True;True
44364849000110;True;True
44377446000105;True;True
44416910000125;True;True
44453288000125;True;True
44477584000166;True;True
44478617000192;True;True
44491222000120;True;True
44496845000195;True;True
44500459000120;True;True
44503793000137;True;True
44514058000129;True;True
44576183000163;True;True
44578523000195;True;True
44622904000124;True;False
44630610000144;True;True
44645637000100;True;False
44648008000134;True;True
44654953000149;True;True
44660757000187;;
44726960000109;True;True
44770034000130;True;True
44774526000102;;
44776038000126;True;True
44784942000183;True;False
44845367000181;True;False
44881604000160;True;True
44885342000101;True;True
44926750000164;True;True
44969410000110;True;True
45022333000150;True;False
45024535000130;True;True
45024750000131;True;True
45036050000167;False;False
45045039000163;True;True
45067804000146;True;True
45084729000121;True;True
45120950000198;True;True
45163356000184;True;True
45176217000195;True;True
45272144000135;True;False
45277002000160;True;True
45308660000172;True;True
45311997000139;True;True
45338980000175;True;True
45376295000133;True;False
45414833000137;True;False
45419765000107;;
45450162000160;True;True
45468092000177;True;True
45472363000168;True;True
45516034000171;True;True
45519075000111;True;True
45527434000182;True;True
45529124000105;True;False
45538052000154;True;True
45553778000166;True;True
45583901000191;True;True
45604822000110;True;True
45612665000194;True;True
45690668000146;;
45700915000148;True;False
45764952000110;True;True
45821481000134;True;True
45829031000198;True;False
45856504000146;True;True
45885086000115;True;True
45891798000147;True;True
45933095000134;True;True
45976480000169;True;True
45988986000198;True;False
45992724001179;False;False
46012691000144;True;True
46017529000119;True;False
46027063000132;True;True
46027594000125;True;True
46043383000186;True;True
46067912000181;True;True
46075940000140;True;True
46085214000109;True;True
46196058000153;True;True
46280295000106;True;True
46313543000160;True;True
46315896000107;True;True
46362940000121;True;True
46384941000177;True;False
46390275000180;True;True
46414675000188;True;True
46451095000160;True;True
46451885000146;True;False
46462658000116;True;True
46484784000171;True;True
46551465000131;True;True
46579584000100;True;True
46623337000156;True;True
46689450000134;True;True
46695424000119;;
46710847000160;True;True
46712946000181;True;True
46731817000130;True;True
46746766000110;True;True
46790258000130;True;False
46796269000127;True;True
46799203000190;True;True
46803398000103;True;True
46803743000109;;
46814791000194;True;True
46832025000152;True;True
46842877000120;True;True
46863876000162;True;True
46909876000156;True;True
46939627000103;True;False
46970085000131;True;False
47015529000142;True;True
47020099000157;True;True
47075778000123;True;False
47146904000193;True;True
47168860000100;True;True
47201170000106;True;False
47211160000143;True;True
47251861000106;True;True
47264394000159;True;True
47271057000199;True;True
47319346000110;True;True
47319675000161;True;True
47342634000196;True;True
47365188000135;True;True
47421668000176;True;True
47425477000182;True;True
47433498000140;True;True
47468737000105;True;True
47511047000183;True;False
47518516000196;True;True
47527217000118;True;True
47548349000126;;
47565511000114;True;True
47600827000108;;
47605172000152;;
47605963000182;True;True
47611616000162;True;False
47642851000100;True;True
47650914000161;True;True
47665958000165;True;True
47679768000105;True;False
47703058000165;True;True
47703345000175;True;True
47715853000173;True;True
47741596000144;True;True
47873814000102;;
47886504000114;True;True
47898955000171;True;True
47928963000113;;
47935504000167;;
47945671000199;;
48000581000198;;
48028891000110;;
48033059000102;;
48069315000111;;
48074183000116;;
48076751000118;;
48086352000138;;
48098769000110;;
48124212000107;;
48167806000103;;
48185674000134;;
48196199000100;;
48212225000138;;
48223211000110;;
48248971000181;;
48263815000190;;
48266797000108;;
48341213000103;;
48356478000185;;
48366634000199;;
49263189000102;False;False
50746577000115;False;False
50926955000142;False;False
52180593000119;True;False
53113791000122;False;False
53585527000949;;
54140165000198;False;False
55040042000148;False;False
55278311000109;True;False
55970909000164;True;False
56720428000163;False;False
57593832000186;False;False
57710907000161;False;False
58340183000174;False;False
58728858000157;False;False
59273367032325;;
59704510001245;False;False
60102621000108;False;False
61088894000108;False;False
61669966000372;False;False
62144175000120;False;False
62377981000148;False;False
63498331000113;True;False
65665093000119;False;False
67043125001303;;
67960229000653;False;False
73167892000193;True;False
73853970000103;True;False
74019910000152;False;False
74237298000275;;
74564592000100;True;False
75446948000174;False;False
75584110009446;False;False
76707512000154;False;False
77960573000191;False;False
78445673000223;False;False
78586674002231;False;False
79048450000104;False;False
79732970000131;True;False
79801205000126;False;False
81414997000128;True;True
82027459000143;False;False
87557948000120;False;False
88212113082904;;
88661681000422;False;False
89637490000145;False;False
89850341000160;False;False
91024158000157;True;False
92076462000100;True;False
92754738000162;False;False
93355469000124;True;False
94069770000215;;
94813102000170;False;False
95817532000122;False;False
96571765000150;False;False
97191902000194;False;False
97542647000187;False;False
191;False;False
328405;False;False
59319000192;False;False
218928000147;True;False
242184000104;False;False
556667000256;False;False
696185000110;True;False
934861000147;True;False
980086000247;False;False
1104937000170;False;False
1282244000177;False;False
1301391000228;False;False
1383961000195;True;False
1545826000107;False;False
1555122000107;False;False
1609290000138;False;False
1787306000100;True;False
1838723000127;False;False
1924669000132;False;False
1971614000183;False;False
1988222000127;True;False
2016256000112;True;False
2101989000236;;
2128461000170;False;False
2404504000100;False;False
2555465000134;False;False
2585924012309;False;False
2744156000102;True;False
2832547000189;True;True
2852677000183;False;False
2962641000152;False;False
3185564000134;False;False
3243876000157;True;False
3261442000180;True;False
3285176000125;False;False
3293963000119;False;False
3378521000175;False;False
3441939000180;False;False
3462027000194;True;False
3485324000406;False;False
3496362000103;False;False
3613342000175;True;False
3624974000487;;
3643856005566;False;False
3655822000107;False;False
3758318000124;False;False
3853896000140;False;False
3862585000147;False;False
3921801000188;False;False
3932942000104;False;False
3991307000190;False;False
3992917000108;False;False
4352523000158;True;False
4448482000106;True;False
4496959000110;False;False
4558953000201;False;False
4563989000100;False;False
4565935000176;False;False
4576569000231;False;False
4605426000120;True;False
4612535000174;False;False
4706732000152;False;False
4798608000164;True;False
4806456000102;False;False
4839833000100;True;False
4844451000166;True;False
4878110000101;True;False
5055075000193;False;False
5286399000485;;
5339222000157;True;False
5346644004228;False;False
5578540000170;True;False
5587864000175;True;False
5681837000167;True;False
5741708000117;True;False
5832716000179;False;False
5834681000107;True;False
5883853000132;True;False
5906856000144;False;False
5975696000195;False;False
6044176000202;False;False
6047087000139;False;False
6086715000195;False;False
6239063000262;;
6305912000310;False;False
6326392000160;False;False
6879279000101;True;False
6882416000167;False;False
7047251000170;False;False
7077775000295;;
7078234000109;False;False
7128323000104;False;False
7136283000142;False;False
7420874000147;False;False
7535695000155;False;False
7547200000108;True;False
7575550000188;False;False
7668738000170;True;False
7681553000104;True;False
7800597000106;True;False
7825400000185;True;False
7846891000140;True;False
7871961000110;False;False
7874968000196;False;False
7923294000253;False;False
8068681000131;False;False
8078847000109;False;False
8159965000133;False;False
8224587000124;False;False
8235067000117;True;False
8338958000522;False;False
8418867000173;False;False
8445150000110;False;False
8467115000100;False;False
8471273000126;True;False
8518621000173;False;False
8526886000113;False;False
8535363000133;False;False
8544832000180;False;False
8580964000320;False;False
8585659000320;False;False
8593047000118;False;False
8665902000159;False;False
8807432000110;False;False
8817578000147;True;False
8855340000106;False;False
8865487000187;False;False
8899534000103;True;False
9041168000110;False;False
9042817000105;False;False
9102288000180;False;False
9129228000150;False;False
9170877000103;False;False
9216174000160;False;False
9252987000106;True;False
9288252000132;False;False
9301734000185;False;False
9306201000196;True;False
9339505000150;True;False
9479373000161;True;False
9509008000152;False;False
9536254000101;False;False
9587219000294;False;False
9608541000686;False;False
9664694000136;False;False
10285590000108;False;False
10306081000297;True;False
10309325000104;False;False
10425859000104;True;False
10489763000100;False;False
10496097000129;False;False
10593927000136;False;False
10697158000116;False;False
10720451000157;True;False
10772420001979;False;False
10835932000108;False;False
10865659000164;False;False
10868909000110;False;False
10887999000196;False;False
10894164000163;False;False
10948140001200;;
10961196000134;True;False
10984062000139;False;False
10987866000191;True;False
11006654000149;True;True
11071665000102;True;False
11087775000162;False;False
11150990000160;True;False
11171577000182;False;False
11325292000159;False;False
11361845000129;True;False
11421994000136;False;False
11486430000181;True;False
11527155000105;True;True
11535682000153;True;True
11694376000160;True;True
11705180000123;True;False
11933472000113;True;True
12042439000166;True;True
12044340000101;False;False
12108897000150;False;False
12138411000127;True;True
12337252000190;False;False
12373589000152;True;True
12399950000110;True;False
12432934000181;True;False
12519340000102;True;False
12533331000176;True;True
12653600000138;True;True
12675158000140;False;False
12679985000102;True;True
12682905000178;False;False
12694474000160;True;True
12779296000170;False;False
12810603000138;False;False
12831777000187;False;False
12877311000112;True;False
12883330000151;True;True
12892467000172;True;False
12895225000132;True;True
12941280000111;True;False
12956210000137;True;True
13095820000156;True;False
13104826000142;True;True
13112212000102;True;True
13196169000100;True;False
13224882000110;True;False
13336245000136;True;False
13346640000108;True;True
13350390000171;True;True
13465383000115;True;True
13520921000127;False;False
13558297000157;False;False
14036345000100;True;True
14103878000167;True;True
14141205000100;False;False
14172646000160;True;True
14326931000199;True;True
14411229000123;True;True
14453071000154;True;False
14456696000170;False;False
14496672000144;False;False
14622358000160;True;True
14819550000141;True;False
14874954001290;;
14917179000231;False;False
14944220000188;True;True
15043133000112;True;True
15101405010580;False;False
15109806000190;True;True
15111441000138;True;False
15424546000147;False;False
15425652000145;True;False
15431374000139;True;True
15638741000170;True;False
15651402000123;False;False
15680901000149;False;False
15703529000149;True;False
15740207000170;False;False
15793994000118;True;True
15812604000100;True;True
16105961000362;False;False
16369226000102;False;False
16466861000108;True;True
16572329000167;True;False
16589149000198;True;True
16670085015500;False;False
16767199000118;True;True
17067607000191;True;True
17179126000178;True;True
17193806000146;False;False
17225810000149;True;False
17281106000103;False;False
17299394000123;True;True
17322687000184;True;True
17357641000362;False;False
17390179000133;True;False
17412099000131;False;False
17433826000228;False;False
17455042000209;;
17497233000144;True;True
17504110000193;False;False
17574540000181;False;False
17647523000127;True;True
17648762000100;False;False
17704497000121;False;False
17735438000110;True;False
17793378000192;True;False
17892111000152;False;False
17966147000133;False;False
18121958000104;True;True
18150741000114;True;False
18153895000160;False;False
18156681000147;True;False
18174270000184;False;False
18180789000175;False;False
18181714000109;True;False
18224104000145;True;True
18240257000186;False;False
18249064000196;False;False
18317773000161;True;True
18361968000109;True;False
18365306000107;True;True
18374547000112;True;True
18407914000137;True;True
18409930000169;False;False
18443521000189;True;True
18476977000145;False;False
18496618000150;True;True
18499326000170;True;False
18591412000290;;
18786593000714;False;False
18929639000111;True;False
19023668000182;False;False
19107226000114;False;False
19126220000194;False;False
19219127000124;True;True
19266084000138;True;True
19291576000183;True;True
19350464000156;True;True
19353062000105;True;False
19391298000136;False;False
19416042000136;False;False
19510633000178;False;False
19544578000137;True;False
19572284000119;False;False
19601999000152;False;False
19602946000156;True;True
19712500000184;True;False
19731504000100;True;False
19995996000140;True;False
20004539000126;False;False
20036936000180;False;False
20113131000192;True;True
20118009000109;True;True
20124977000128;False;False
20230840000158;True;True
20245912000130;True;False
20247322000147;False;False
20350178000170;False;False
20448597000149;True;True
20457877000113;True;True
20462314000113;True;True
20481039000185;False;False
20534604000125;True;True
20643826000186;True;True
20675852000196;True;True
20688169000193;True;True
20688786000199;True;True
20763093000113;True;True
20763743000120;True;True
20835742000144;True;True
20934810000122;False;False
21001750000158;True;True
21034977000108;False;False
21067479000153;True;True
21073362000182;True;True
21117557000187;True;False
21164415000170;False;False
21278276000106;False;False
21300829000180;True;True
21419744000115;True;True
21434419000121;True;True
21457110000157;True;False
21521308000152;True;False
21534941000185;True;False
21536618000140;True;True
21550141000158;True;False
21596679000101;True;False
21784307000109;False;False
21796945000131;True;True
21861610000150;True;False
21888856000115;True;True
21905288000113;False;False
21907911000177;True;True
22104728000104;False;False
22285086000189;True;True
22307773000158;True;True
22316872000104;True;True
22377336000100;False;False
22421699000104;True;True
22434372000169;True;True
22445560000192;True;False
22551160000161;True;True
22565049000124;True;False
22609531000119;True;False
22677520000176;False;False
22702395000107;True;True
22706338000104;True;True
22788171000160;True;True
22866379000150;True;False
23024172000109;True;True
23030074000176;True;True
23104406000110;False;False
23157330000190;False;False
23199842000110;True;False
23246105000120;True;True
23300799000137;True;False
23302602000360;;
23335049000281;False;False
23336651000152;True;True
23339855000147;True;True
23353693000282;False;False
23369169000119;True;True
23371470000167;False;False
23433669000172;False;False
23433869000125;True;True
23443536000187;True;True
23603559000101;True;False
23714617000174;True;True
23718077000105;True;True
23778571000157;True;False
23821631000177;True;True
23843993000169;True;True
23850100000102;False;False
23856267000180;True;True
23877880000184;True;True
23956225000111;True;True
24022780000139;True;True
24065445000118;True;False
24081327000101;True;True
24098427000132;True;True
24364084000100;True;True
24364738000104;True;True
24392208000161;True;False
24518496000158;False;False
24538475000102;True;False
24686129000163;True;True
24692083000438;;
24715968000162;False;False
24750527000100;True;True
24774100000133;True;True
24775518000165;True;True
24789163000163;True;False
24796505000172;True;True
24801201000156;False;False
24837164000136;True;True
24892073000101;True;False
24990777000109;False;False
25037989000139;True;True
25146588000389;True;False
25184984000139;True;True
25197184000152;True;True
25215853000171;True;False
25236386000166;True;False
25264145000120;True;False
25273167000157;True;True
25453225000124;True;True
25912519000177;True;True
26031639000128;True;False
26089666000151;False;False
26120789000108;True;True
26127429000138;False;False
26234940000139;True;True
26250164000160;True;False
26284217000164;True;True
26288656000145;True;True
26333188000183;True;True
26342663000188;False;False
26391683000149;True;True
26462693000128;False;False
26536055000104;True;True
26539915000163;True;True
26615948000145;False;False
26650701000160;False;False
26655736000191;True;True
26675344000194;True;False
26949741000107;True;True
26953545000106;False;False
26982662000106;True;True
27093558000115;False;False
27106115000111;True;False
27118228000137;True;True
27166457000127;True;True
27192940000186;True;False
27268319000159;True;True
27303556000103;True;True
27319590000176;True;True
27336814000158;True;False
27366314000169;True;True
27402701000103;True;True
27440773000145;True;True
27450826000109;True;False
27470540000195;True;True
27492573000136;True;True
27504812000120;True;True
27507158000109;True;True
27517095000171;True;True
27606386000136;True;True
27683608000114;True;True
27771582000166;True;True
27795850000180;True;False
27875463000153;True;True
27896115000162;False;False
27969438000139;True;True
28017106000117;True;True
28074777000110;True;True
28140303000129;True;True
28162122000101;False;False
28229815000166;True;True
28256335000275;;
28292023000136;True;True
28337558000186;True;False
28338370000152;True;True
28356398000112;True;True
28363128000139;False;False
28383710000167;True;True
28434363000154;True;True
28481819000137;True;False
28517326000100;True;True
28520678000114;True;True
28524891000102;True;True
28594641000130;True;False
28597736000108;True;True
28615040000167;True;True
28628291000186;True;True
28639803000100;False;False
28729105000103;False;False
28801503000185;False;False
28902819000163;False;False
28909453000154;True;True
28916188000131;True;True
28932339000145;True;False
28957228000193;True;True
29011196000100;True;True
29149966002030;;
29173958000166;True;True
29300457000101;True;False
29397715000101;True;False
29409549000116;True;True
29504121000152;True;True
29578625000117;True;True
29596917000182;True;True
29633210000107;True;True
29686735000100;True;True
29688568000129;True;False
29702576000182;False;False
29708349000164;False;False
29715610000153;True;True
29722589000113;True;True
29883111000175;True;True
29926361000145;True;True
29995988000158;False;False
30004819000198;True;True
30021519000117;True;False
30114606000119;False;False
30125847000163;True;True
30185535000145;True;True
30215042000100;True;True
30231459000167;True;True
30243811000184;True;False
30298008000147;False;False
30364792000144;True;True
30434308000106;True;True
30463052000165;True;True
30481923000173;False;False
30533185000160;True;False
30548632000155;True;False
30583416000493;;
30671436000173;True;True
30690833000192;True;True
30693052000151;True;True
30698497000124;True;True
30743670000169;True;False
30791687000191;True;False
30859416000120;True;True
30978578000188;True;True
30994005000148;True;True
31000723000114;True;True
31036069000107;True;True
31075325000167;True;True
31105681000186;False;False
31134857000128;True;False
31277100000193;True;True
31278335000108;False;False
31307019000109;True;True
31343287000186;True;True
31357834000425;;
31368026000110;True;True
31409796000164;True;False
31420320000124;True;True
31438466000105;True;True
31495561000132;True;False
31516077000142;True;True
31522598000102;True;True
31561440000141;True;True
31563192000178;True;True
31631651000103;True;False
31654119000101;True;True
31711376000138;True;False
31795685000133;False;False
31797927000128;True;True
31798695000122;True;True
31825715000107;True;False
31915147000135;True;True
31931769000157;False;False
31954811000155;False;False
31957326000135;False;False
31993617000189;True;False
31996450000100;True;True
32022690000176;False;False
32028892000125;True;True
32051288000110;True;True
32095919000100;True;True
32128112000119;False;False
32144272000151;True;False
32176366000102;True;True
32354919000170;True;True
32368704000108;False;False
32423773000177;True;True
32432170000131;True;False
32436352000180;True;True
32470787000141;False;False
32489695000103;True;True
32542890000150;False;False
32549510000109;True;True
32622960000180;True;True
32640725000130;True;True
32677872000185;True;True
32684864000166;True;True
32692144000142;True;False
32704322000108;False;False
32714398000114;True;True
32832723000143;True;False
32845907000148;False;False
32874605000106;True;True
32891979000121;True;False
32940577000170;True;False
32957848000108;True;True
32965021000138;True;True
32968383000182;True;True
32987584000127;True;True
33000294000100;True;True
33042730000104;False;False
33090136000199;True;True
33105428000158;True;False
33113309000147;False;False
33181351000103;True;False
33189582000155;False;False
33223895000182;True;True
33330029000190;True;True
33356529000100;True;True
33376989000191;False;False
33396427000100;False;False
33415930000165;True;False
33418322000104;False;False
33427545000138;False;False
33433339000130;True;True
33438250001643;False;False
33442871000114;True;True
33480818000108;True;True
33509862000101;True;True
33542548000112;True;True
33547155000100;True;True
33574577000166;True;False
33629474000156;True;False
33642918000193;True;True
33664250000185;True;True
33667402000101;False;False
33751452000164;True;True
33758577000116;True;True
33800563000113;True;True
33845248000102;True;True
33857062000173;True;True
33876516000153;True;True
33887956000106;True;True
33899060000147;True;True
33932596000117;True;True
33977600000163;True;True
33985998000180;True;True
34076504000107;True;True
34118839000140;True;True
34148139000107;True;True
34215735000154;True;True
34242803000174;True;True
34242971000160;True;True
34243565000111;True;True
34263372000122;True;False
34274233000102;False;False
34313876000100;True;True
34329660000132;True;True
34346464000176;True;False
34449356000129;True;True
34497090000190;True;True
34512067000127;True;True
34545436000188;True;True
34547923000180;True;False
34566103000135;True;True
34569770000171;True;False
34661566000186;True;False
34848682000109;True;False
34862145000113;True;True
34878950000135;True;True
34879889000140;True;True
34894983000179;True;False
34961579000170;True;True
34976121000195;True;True
34990695000118;True;True
35106550000174;True;True
35140673000121;True;False
35156641000114;False;False
35160995000132;True;True
35215444000129;True;True
35278481000186;True;True
35291356000106;True;True
35322340000113;True;False
35332262000138;True;True
35466924000162;True;True
35467612000173;False;False
35501802000160;True;True
35512279000177;True;True
35526038000187;True;True
35542681000102;True;True
35581684000228;;
35591363000123;True;False
35594132000173;True;True
35607785000140;True;False
35613734000120;True;True
35687167000157;True;True
35690683000130;False;False
35707370000148;True;True
35759395000195;True;True
35761239000169;True;True
35771455000195;True;True
35779137000170;True;False
35791391000194;False;False
35819357000180;False;False
35889196000100;True;True
36013815000152;True;True
36056847000135;True;True
36063736000156;True;True
36104613000116;True;True
36150782000192;True;True
36159636000128;True;True
36182742000122;True;True
36182770000140;True;False
36195319000167;False;False
36237531000140;True;True
36278741000186;True;True
36295820000103;True;False
36297792000155;True;True
36313123000120;True;False
36354460000165;True;True
36362125000109;True;False
36427589000156;True;True
36433416000140;True;True
36433929000151;True;True
36448613000133;True;False
36467696000108;True;True
36480042000114;True;False
36488155000166;True;True
36542025000164;False;False
36546479000103;True;True
36572359000180;True;True
36659500000187;True;True
36664347000186;True;True
36728698000103;True;True
36789965000152;True;True
36790936000100;True;True
36802176000104;True;True
36817239000104;True;True
36825468000162;True;True
36850810000184;True;True
36863091000136;True;True
36889054000105;True;True
36988975000117;True;True
36990904000159;True;True
36997595000149;True;True
37020842000115;True;True
37027439000118;True;True
37030456000104;True;True
37056893000105;True;True
37062698000180;True;True
37078948000170;True;True
37126329000103;True;True
37130277000149;True;True
37203849000172;True;True
37213095000131;True;True
37218204000103;True;True
37232243000165;True;True
37251368000132;True;False
37266720000103;True;False
37282582000156;True;True
37293183000190;;
37298349000161;True;True
37303069000102;True;True
37304444000120;True;True
37330026000108;True;True
37386213000103;True;True
37388029000100;True;True
37400706000150;True;True
37413686000152;True;True
37417692000188;True;True
37474011000113;True;True
37497174000111;True;True
37517779000127;True;True
37551204000120;;
37576590000105;True;True
37591583000182;True;False
37635766000152;True;True
37732225000142;True;True
37744444000141;True;True
37764010000103;True;True
37815427000158;True;True
37825895000103;True;True
37869132000164;True;True
37962927000112;True;True
38049207000123;True;True
38049422000124;;
38099863000130;True;True
38116631000143;True;True
38117846000189;True;True
38128616000115;True;False
38158611000135;True;True
38179973000102;True;True
38196647000103;True;True
38276124000177;True;True
38311503000150;True;True
38320220000175;True;True
38344355000170;True;False
38347901000127;True;False
38426039000148;True;True
38444587000109;True;True
38498193000125;True;True
38634939000180;True;True
39004296000154;False;False
39251899000150;True;False
39252274000103;True;True
39253400000144;True;False
39333035000188;True;True
39406450000114;True;True
39410375000165;True;True
39416343000177;True;True
39442730000188;True;False
39452135000123;True;True
39466173000135;True;True
39504409000180;True;True
39510475000163;True;False
39512797000141;True;False
39517428000141;True;False
39614681000113;True;False
39622479000133;True;True
39691669000102;True;True
39741813000178;;
39749333000153;True;True
39819857000173;True;True
39970945000171;True;True
39989011000262;;
39994328000106;True;False
40034188000103;True;True
40064620000109;True;True
40091333000198;True;True
40103414000160;True;True
40126233000150;True;True
40148067000192;True;True
40292279000149;True;True
40293106000145;True;True
40329489000164;True;True
40353964000138;True;False
40371057000111;True;False
40378638000185;True;True
40380474000120;True;True
40393465000174;;
40411328000115;True;True
40432544086866;False;False
40451846000162;True;True
40455175000108;True;True
40459343000133;True;True
40473521000180;True;True
40480084000122;True;True
40489796000102;True;False
40497178000104;True;True
40510824000126;True;True
40593122000153;True;False
40598710000180;True;True
40605402000134;True;True
40635366000151;True;True
40635710000102;True;True
40641654000119;True;True
40697907000176;True;True
40701993000143;True;True
40709932000122;True;True
40751699000146;True;True
40853983000123;True;False
40880200000109;True;True
40888270000103;True;False
40889050000196;True;True
40963495000179;True;True
40967810000136;True;True
40984042000129;True;True
40993783000176;True;False
41009283000110;False;False
41042606000177;True;True
41061777000143;True;True
41067797000121;True;True
41075229000172;True;False
41078442000138;True;True
41146528000150;True;True
41180293000113;True;True
41180576000165;True;True
41201838000120;True;True
41290585000109;True;True
41317724000140;True;True
41330965000120;;
41364416000176;True;False
41382709000186;True;True
41406592000123;True;False
41411244000144;True;True
41440341000165;True;True
41483894000103;True;True
41544777000102;True;False
41593151000188;True;False
41623369000138;True;True
41652590000114;True;True
41709490000187;True;True
41728808000177;True;True
41764467000195;True;True
41772673000147;True;False
41776604000101;True;True
41782409000194;True;True
41802549000187;True;True
41834853000106;True;True
41850263000177;True;True
41851166000107;;
41854061000101;True;True
41941104000188;True;True
41945992000107;True;False
41949929000149;True;False
41958779000130;True;True
41974663000194;True;True
42021439000140;True;True
42022353000132;True;True
42023400000162;True;True
42075330000196;True;True
42078635000151;True;False
42079049000121;True;True
42111209000172;True;True
42114316000154;True;True
42142392000173;True;True
42207370000144;True;True
42214683000120;True;True
42221215000182;True;True
42227312000182;True;True
42233194000115;True;True
42242122000134;True;True
42253011000123;True;True
42257087000127;True;True
42266990000154;True;True
42281461000120;True;False
42283198000108;True;True
42313134000102;True;True
42323482000160;True;False
42329156000160;True;True
42331462000131;False;False
42386081000150;True;True
42387279000158;True;False
42398219000130;True;True
42418322000103;True;True
42424430000180;True;False
42473515000159;True;True
42530571000188;True;True
42542391000116;True;True
42546884000124;True;True
42627714000174;True;True
42717923000109;True;False
42733736000119;True;False
42761658000166;True;True
42773420000150;True;True
42780344000100;True;False
42784210000168;True;False
42796559000110;True;True
42846692000133;True;False
42852536000185;True;True
42908225000190;;
42921974000158;True;False
42935727000100;True;True
42967150000119;True;False
42990772000168;;
43014143000165;True;True
43019550000165;;
43023642000119;True;True
43032931000184;True;True
43033061000168;True;True
43066675000146;True;True
43091821000193;;
43093793000143;True;True
43103487000140;True;True
43174991000131;True;True
43199284000108;True;True
43218703000101;True;True
43237998000155;True;False
43264607000191;True;False
43312249000145;True;False
43322235000102;True;True
43324468000144;True;True
43330304000120;True;False
43356434000131;True;True
43366904000148;True;True
43400566000113;True;False
43408199000102;True;False
43408342000158;True;False
43408349000170;True;True
43432704000146;True;True
43442122000140;True;True
43484465000178;True;True
43489051000131;True;False
43510352000108;True;True
43555063000117;True;True
43609953000164;True;True
43623053000171;True;True
43631700000197;True;True
43655689000103;True;True
43724693000178;True;True
43778670000146;True;True
43805096000178;True;True
43809762000146;True;False
43814397000168;True;True
43821596000101;True;False
43829246000183;True;True
43850145000275;;
43940989000126;;
43958152000104;True;True
44024832000113;True;True
44038257000108;;
44053339000121;True;True
44113874000120;True;True
44115893000196;True;True
44122272000130;True;True
44145201000152;True;False
44157539000124;True;True
44190330000162;True;False
44208628000152;True;True
44217775000199;True;True
44236273000105;True;True
44329278000182;True;True
44353832000167;True;True
44382226000170;True;True
44389739000102;True;True
44414271000169;True;True
44432743000106;;
44454162000175;True;True
44454664000104;True;True
44473274000173;True;True
44485179000190;True;True
44490428000135;True;True
44508328000199;True;True
44548889000111;;
44567343000108;True;True
44579257000115;True;False
44598646000198;True;True
44606019000151;True;True
44618891000110;True;False
44629397000150;True;True
44672539000162;True;True
44712953000158;True;True
44727509000106;True;True
44729362000193;True;True
44756875000193;True;True
44786199000109;True;True
44813559000106;;
44814017000158;True;True
44833071000140;True;True
44835638000118;True;True
44868754000133;True;True
44878959000108;True;True
44884986000185;True;True
44919885000100;True;True
44920736000153;True;True
44963162000109;True;True
44974622000196;True;True
45021985000170;True;True
45025390000192;True;True
45034411000136;True;True
45043115000100;True;True
45065730000109;True;True
45094300000115;True;True
45099399000148;True;True
45127298000133;True;True
45146761000194;True;True
45154453000100;True;False
45173005000154;True;True
45173115000116;True;True
45178505000189;True;True
45203145000128;True;False
45213704000180;True;False
45232646000132;True;True
45240740000133;True;True
45251269000189;True;True
45256124000170;True;True
45287831000124;True;True
45407493000117;True;True
45424360000159;True;True
45444002000108;True;True
45459835000142;True;True
45463040000108;True;False
45476019000147;True;True
45492450000187;True;False
45518771000103;True;True
45540474000164;;
45564837000100;True;True
45565696000131;True;True
45592879000146;True;True
45593025000184;;
45600579000161;True;True
45613260000170;True;True
45677083000196;True;True
45701152000150;True;True
45737193000104;True;True
45789735000184;;
45790701000100;True;False
45812026000172;True;False
45815020000159;True;True
45831324000100;True;True
45846859000154;True;False
45847821000104;True;False
45866740000143;True;True
45898765000129;True;True
45980376000148;True;True
46015576000123;True;True
46025150000150;True;False
46073720000188;True;True
46108207000185;True;True
46112003000118;True;False
46157948000156;True;True
46182311000110;True;True
46187661000179;True;True
46192326000169;True;True
46202112000126;;
46204089000109;True;True
46243834000129;True;True
46253112000155;True;True
46257221000140;True;True
46305866000101;True;True
46323667000126;True;True
46353616000147;True;True
46353788000110;True;True
46358232000117;True;True
46362150000146;True;False
46378499000176;True;False
46392779000139;True;True
46395012000163;True;True
46413565000100;True;False
46456509000144;True;True
46513307000197;True;True
46518540000162;True;True
46552546000156;True;False
46563756000140;True;False
46600662000101;True;True
46601259000199;True;True
46608896000197;True;True
46617576000101;True;False
46621958000109;True;True
46635938000189;True;False
46636075000164;True;True
46639727000114;True;True
46643105000160;True;True
46685422000149;True;True
46696040000110;True;True
46714504000174;True;True
46720873000170;True;True
46806447000153;True;True
46846642000107;True;True
46892672000150;True;True
46903329000163;True;True
46908347000138;True;True
46915296000171;True;True
46920381000128;True;True
46959974000106;;
46974893000177;True;True
46999390000156;True;False
47017309000158;True;True
47043907000100;True;False
47077591000169;True;False
47085017000152;True;True
47115451000138;;
47116667000118;True;True
47123261000162;True;True
47129637000146;True;True
47141441000177;True;False
47141719000106;False;False
47171185000160;True;True
47194132000165;True;True
47237033000113;True;True
47240591000138;True;False
47247858000119;True;True
47266782000179;True;True
47281756000110;True;True
47298355000172;True;True
47309055000141;True;True
47373834000106;True;True
47398111000161;True;True
47401080000150;True;False
47417874000102;True;True
47425869000141;True;True
47430449000153;True;True
47432360000126;True;True
47448742000148;True;True
47518398000116;;
47518478000171;;
47571900000152;;
47590552000160;True;True
47607301000141;True;True
47670220000196;;
47693193000177;;
47694592000152;True;False
47695553000170;True;True
47710214000115;True;False
47731372000151;True;False
47741016000119;True;True
47777659000112;True;True
47792699000133;;
47841638000119;;
47885088000130;True;True
47896651000175;True;True
47899290000110;True;True
47899607000119;True;True
47908395000199;;
47949175000103;;
47969834000173;;
47971904000128;;
47977113000105;;
47997364000151;;
48012864000150;;
48014238000100;;
48055322000164;;
48087532000134;;
48123555000157;;
48135202000177;;
48165539000127;;
48166907000151;;
48182868000186;;
48185525000175;;
48190054000193;;
48192971000107;;
48215134000156;;
48225003000150;;
48231216000194;;
48247540000109;;
48259976000100;;
48274962000165;;
48285790000125;;
48288457000170;;
48355850000139;;
48376257000179;;
49875057000123;False;False
50311620000209;False;False
50575109000125;True;False
52059797005084;False;False
54030044000193;False;False
55373336000191;False;False
57711111000123;False;False
57951626000109;True;False
58119199000151;False;False
58406885000103;False;False
58724766000107;False;False
59026989000155;False;False
60470481000120;False;False
60476884000187;False;False
60701190096373;False;False
60701190307846;False;False
60851615000153;False;False
60884319000159;False;False
61024352000171;False;False
61092037000181;False;False
61374161000130;False;False
61585865184376;False;False
61585865185267;False;False
61856571000117;False;False
62325451000156;False;False
62565254000104;False;False
63194310000104;True;False
64100266000199;True;False
66379413000307;False;False
66386459000183;True;False
66669300000176;False;False
67571414000141;False;False
67578344000153;True;False
68765825000483;False;False
70188768000116;True;False
71164974000159;True;False
71320857003829;False;False
71605265017056;;
72263221000244;True;False
72760697000100;False;False
73018384000143;True;False
73333916000137;False;False
73419186000191;False;False
73547192000205;False;False
77550382000151;False;False
78992807000145;False;False
79069639000183;False;False
79154076004208;False;False
79155297000114;True;False
80546781000153;False;False
81884165000175;False;False
82472838000495;False;False
83242388000164;False;False
83308932000123;True;False
84693183000168;False;False
85118446000178;True;False
85382372000182;True;False
85778074000106;False;False
86375425000109;False;False
86550951000150;False;False
87416665002021;False;False
87762563000103;False;False
89463822000112;False;False
89656565000135;True;False
91062497000128;False;False
92501220000117;False;False
92660570000126;False;False
92664093000177;False;False
92672971000104;False;False
92690783000109;False;False
93044865000130;False;False
93563179000176;False;False
93583201000140;True;True
94115003000203;;
95426862000197;False;False
1180000126;False;False
27568000104;True;False
272185000193;False;False
292951000181;False;False
359742000108;False;False
705885000124;True;False
743065000127;False;False
905274000120;False;False
938574000105;False;False
940094000189;True;False
952190000147;True;False
1024410000135;True;False
1145350000109;True;False
1192145000102;True;False
1258383001560;False;False
1275327000139;False;False
1303034000118;False;False
1310996000102;True;False
1358206000150;True;False
1437408018488;False;False
1493962000192;True;False
1499960000100;False;False
1502366000121;False;False
1552584000170;False;False
1567033000180;False;False
1702044000126;True;False
1848899000160;False;False
1864539000151;True;False
1896779000138;False;False
1902988000147;False;False
1959093000149;True;False
2058135000648;False;False
2062747000108;False;False
2090385000150;True;False
2116756000630;False;False
2143447000145;True;False
2190776000147;False;False
2221767000176;True;False
2306233000142;False;False
2351710000191;True;False
2374712000104;True;False
2377966000178;True;False
2400544000176;False;False
2413595000132;False;False
2429144000193;False;False
2455233000295;False;False
2503007000151;True;False
2572726000396;False;False
2592468000148;False;False
2627734000120;True;False
2690617000101;False;False
2717253000106;False;False
2777018000120;True;False
2808951000117;True;False
2815916000125;False;False
2982595000315;True;False
3031110000109;False;False
3214835000132;False;False
3251299000145;True;False
3286294000239;;
3289885000189;False;False
3335066000120;True;False
3634854000118;False;False
3646240000156;True;False
3806375000131;False;False
3975556000949;;
4031259000150;True;False
4059089000112;True;False
4084225000124;False;False
4178803000191;False;False
4257490000167;False;False
4320900000410;;
4386360000124;True;False
4441466000183;True;False
4632983000130;False;False
4817271000195;False;False
4911272000102;True;False
4919180000160;True;False
4932206000100;False;False
5095976000109;False;False
5111857000283;False;False
5202433000143;False;False
5335387000150;True;True
5389828000105;False;False
5392152000281;False;False
5405057000194;True;False
5410182000192;False;False
5466436000194;True;False
5513407000306;False;False
5558038000106;True;False
5916013000129;True;False
5917486000140;False;False
5930194000148;True;False
5958876000169;False;False
5995104000105;False;False
6061613000115;True;False
6097808000115;True;False
6147692000181;False;False
6196002000184;False;False
6218121000190;False;False
6248184000190;True;False
6307256000122;True;False
6322268000126;True;False
6887879000111;True;False
6926990000170;True;False
7016313000187;True;False
7095517000150;False;False
7113559000258;False;False
7126604000128;True;True
7237373000120;False;False
7241758000160;False;False
7249680000120;True;False
7386659005640;False;False
7471904000144;True;False
7473735018552;;
7485047000131;False;False
7504455000193;True;False
7508663000160;True;False
7639451000112;False;False
7640883000143;True;False
7781092000133;True;False
7782522000212;True;False
7789170000146;False;False
7826440000141;True;False
7896106000164;False;False
7924372000153;True;False
7992628000160;True;False
8041751000168;False;False
8119968000143;True;False
8145257000143;True;False
8159579000141;False;False
8165642000667;False;False
8201838000155;True;False
8229030001743;False;False
8286063000168;False;False
8294224000165;False;False
8324196000181;False;False
8406209000323;False;False
8409890000100;False;False
8443732000168;False;False
8523934000209;False;False
8536892000151;False;False
8547741000107;False;False
8549395000198;False;False
8574411000100;False;False
8626333000132;False;False
8734970000122;False;False
8735099000181;False;False
8753979000180;False;False
8772172000195;False;False
8779549000138;True;False
8784181000104;False;False
8794841000120;False;False
8811643000127;False;False
8834448000112;False;False
8840653000190;False;False
8890075000105;True;False
8896214000108;False;False
8898073000316;False;False
8907684000111;False;False
8911336000118;False;False
9083175000184;False;False
9091948000174;True;False
9142733000135;False;False
9229201000130;False;False
9261102000135;False;False
9266952000126;False;False
9320382000105;False;False
9383385000198;True;False
9411881000108;False;False
9429915000191;False;False
9474489000108;False;False
9477323000145;True;False
9492310000145;True;False
9512238000170;False;False
9610669000331;False;False
10139870000108;False;False
10279319000151;False;False
10298174000217;False;False
10359801000100;False;False
10447823000113;True;False
10545637000117;True;False
10626362000146;False;False
10669500000174;True;False
10912750000940;False;False
11032386000130;False;False
11055461000188;False;False
11087748000190;True;True
11122569000146;True;True
11137051062025;False;False
11206329000391;True;False
11243845000124;False;False
11274418000103;True;False
11290306000146;False;False
11313674000162;True;False
11484202000172;False;False
11529205000185;False;False
11662787000173;True;True
11830306000191;True;False
11899162000120;False;False
11939827000181;True;False
11984406000172;True;True
12006132000100;True;False
12025368000193;True;True
12057493000185;False;False
12071331000100;True;False
12088011000154;True;True
12104241000402;False;False
12123425000177;True;True
12129885000102;True;True
12245177000137;True;True
12270764000186;True;False
12302245000152;False;False
12313448000144;True;False
12434561000188;False;False
12535655000143;True;True
12567148000191;True;True
12665144000146;False;False
12695352000198;True;True
12811199000117;False;False
12867237000153;True;False
12918200000107;True;True
13064206000127;True;True
13127481000142;True;True
13144881000166;False;False
13261555000139;False;False
13291610000133;True;True
13352740000139;False;False
13388027000145;True;True
13446211000102;True;False
13539715000169;False;False
13574688000165;False;False
13633267000168;False;False
13651396000189;True;True
13672599000151;False;False
13756238000193;False;False
13782741000113;True;False
13785195000336;False;False
13834135000102;True;True
13898539000151;True;True
14127601000174;True;True
14136101000107;True;False
14164760000149;True;True
14222371000122;True;True
14282901000128;True;True
14298227000170;True;False
14358031000123;True;True
14393303000126;True;True
14463671000101;True;True
14591662000198;False;False
14594799000104;True;True
14753159000191;True;True
14807945000124;False;False
14807962000161;True;False
14876090000193;False;False
14904722000185;False;False
14941035000130;True;False
14951240000186;True;False
14971635000140;True;True
14981707000130;True;False
15111320000196;True;False
15139629000194;False;False
15221433000306;False;False
15245499000174;False;False
15271848000203;;
15293005000127;True;False
15378807000130;True;True
15384564000142;True;True
15466936000180;True;True
15475922000122;True;True
15591151000139;True;False
15670352000121;True;False
15708023000122;True;True
15916633000111;True;True
15930196000190;True;True
16233389000155;False;False
16539161000198;True;True
16588318000175;True;True
16590234000176;False;False
16786137000153;True;False
16811052000188;True;False
16814950000190;False;False
16822807000140;True;True
17001627000160;False;False
17077702001148;False;False
17095247000131;True;True
17106272000173;True;True
17159382000101;False;False
17209520000101;False;False
17242393000657;False;False
17277238000161;False;False
17334843000127;True;True
17409628000148;False;False
17518144000137;True;True
17534610000178;False;False
17575756000161;True;True
17725499000105;True;False
17785215000168;False;False
17788352000156;False;False
17795700000112;True;False
17956811000163;True;False
18089370000102;True;False
18105370000159;True;False
18123780000122;True;True
18184239000124;True;True
18192700000190;True;False
18248565000158;True;True
18255681000285;True;False
18258792000164;True;False
18291706000115;False;False
18300920000190;True;False
18303260000100;True;False
18328118025446;;
18390713000174;True;True
18464360000100;True;True
18475649000124;True;False
18485330000180;False;False
18512007000158;False;False
18512843000132;True;True
18575294000145;True;True
18585694000131;True;True
18597829000693;False;False
18631987000108;True;True
18695123000150;False;False
18719115000104;True;True
18787605000130;False;False
18829852000151;True;False
18834900000108;False;False
19041921000120;True;True
19052643000107;True;False
19090697000167;False;False
19123159000121;True;False
19132552000181;True;True
19167707000115;True;False
19198663000190;True;True
19250804000177;True;True
19267059000179;True;False
19279791000169;True;False
19397638000136;True;True
19424549000131;True;True
19445056000188;True;True
19456005000151;True;True
19523642000101;True;False
19553408000119;True;False
19590400000122;True;True
19747222000109;True;True
19813250000179;True;True
19815640000188;True;True
19861515000104;True;True
19869547000318;False;False
19962343000165;True;True
19989146000130;False;False
20092216000131;True;False
20121785000168;True;False
20155787000178;True;False
20200750000114;True;True
20209276000191;False;False
20301323000122;True;False
20331199000148;True;False
20537662000102;True;True
20587761000107;True;True
20622224000142;True;False
20698459000118;True;True
20705243000132;False;False
20740079000102;True;False
20781594000122;True;True
20814880000147;True;True
20963347000147;True;True
21039642000174;False;False
21100839000171;True;False
21127726000160;True;True
21168690000162;True;False
21188808000114;False;False
21189362000223;False;False
21226595000178;True;True
21235231000154;True;False
21238295000109;True;True
21245345000185;False;False
21247134000181;True;True
21255567000189;False;False
21270041000178;True;True
21272427000119;True;True
21289536000149;False;False
21403307000103;False;False
21486520000126;True;True
21550540000119;True;True
21568365000197;False;False
21632531000177;False;False
21740251000182;False;False
21755272000171;False;False
21778582000101;True;True
21799050000150;True;True
21804818000137;True;False
21939916000181;False;False
21942200000133;True;False
22013419000110;True;False
22066845000112;False;False
22091966000114;True;True
22198057000180;True;True
22224462000125;False;False
22257017000161;False;False
22259590000104;True;False
22311392000142;True;True
22329755000177;True;True
22388735000339;;
22450898000132;True;False
22461690000119;True;False
22470809000110;True;True
22558052000110;True;True
22595705000131;True;True
22618155000129;False;False
22672189000100;True;True
22744224000140;True;False
23011475000189;True;True
23018465000175;True;True
23081096000165;True;True
23153443000118;True;False
23229433000119;True;True
23230813000173;True;True
23274691000117;True;True
23358865000120;True;True
23360789000197;True;False
23449346000177;True;False
23467184000108;True;False
23479346000110;True;False
23491699000135;True;False
23506996000107;False;False
23526760000132;True;False
23615961000106;True;True
23640282000197;False;False
23672893000117;False;False
23673968000184;True;True
23693886000100;True;False
23762648000109;True;True
23763385000144;True;True
23765499000123;True;False
23770308000111;False;False
23798939000149;True;True
23856854000170;True;False
23872291000103;True;True
23908951000169;True;True
23912032000169;True;True
23986360000100;True;True
24203535000128;True;False
24217437000140;True;True
24221766000164;True;True
24234609000193;False;False
24270061000137;False;False
24335883000159;False;False
24392902000189;True;True
24445966000109;True;True
24449870000100;True;True
24510966000137;True;True
24513384000295;False;False
24536947000180;True;True
24561218000183;True;True
24682880000191;True;False
24733613000104;True;True
24784982000118;True;False
24818542000134;False;False
24823860000193;True;False
24852115000172;True;True
24890522000174;True;True
24900061000173;True;False
24902930000107;True;True
24931880000188;True;True
25009073000175;True;True
25035814000192;True;True
25053645000113;True;True
25101565000196;True;True
25103710000178;True;False
25112074000140;False;False
25118692000106;True;True
25127505000142;True;False
25168981000101;True;False
25201910000163;True;True
25204888000105;True;False
25210660000209;;
25252907000250;False;False
25282652000197;True;True
25421475000182;True;True
25989590000158;True;True
26032554000164;True;True
26064720000104;False;False
26073257000167;True;False
26109976000190;True;False
26161827000170;True;False
26175926000101;True;True
26177643000107;True;True
26272088000194;False;False
26359706000138;True;False
26390441000130;False;False
26399701000139;False;False
26499325000154;True;True
26519689000159;False;False
26599547000149;True;False
26641330000150;True;False
26659061000159;False;False
26709481000100;True;False
26778665000114;True;True
26836194000153;True;False
26918176000110;False;False
26934449000110;True;True
27036179000193;True;True
27041759000179;True;True
27218590000180;True;True
27233299000180;False;False
27244996000137;True;False
27259205000142;True;False
27308056000164;False;False
27390768000175;True;False
27613267000100;True;True
27623624000111;True;True
27628785000106;True;True
27707609000151;True;True
27723108000169;False;False
27819201000171;True;True
27843733000144;True;False
27870129000107;True;False
27885927000102;True;False
27923517000109;False;False
27997351000175;True;True
28042444000109;False;False
28169546000190;True;False
28283235000157;True;True
28358735000100;True;True
28386903000171;True;False
28430087000156;True;False
28431338000117;True;False
28448987000120;True;False
28477643000140;True;False
28502371000190;True;True
28539361000120;False;False
28541502000149;True;True
28580303000140;True;False
28671740000179;True;True
28698475000112;True;True
28704028000129;True;False
28756169000195;True;False
28786180000106;True;False
28786645000110;True;False
28792193000180;True;False
28798267000195;True;True
28817634000150;True;True
28838087000190;True;True
28959681000139;True;True
29076659000103;True;True
29127049000191;True;True
29188740000185;True;False
29214434000176;True;False
29285716000164;True;True
29352947000143;True;True
29413421000126;True;True
29418528000167;True;True
29444814000105;True;True
29467696000142;True;True
29493601000165;True;True
29511628000133;True;True
29513586000170;False;False
29574869000121;True;True
29779362000104;True;True
29810197000106;True;False
29843186000122;True;False
29844379000106;True;False
29859416000141;True;True
29940980000194;True;True
29982222000139;True;False
29998612000105;True;True
30003301000130;True;True
30022451000190;False;False
30035123000129;True;False
30054148000170;True;True
30224914000105;True;True
30232404000171;False;False
30297937000131;True;False
30312173000106;True;True
30384475000190;True;False
30399350000133;True;True
30478730000163;True;True
30523008000101;True;True
30566853000156;True;True
30647346000147;True;False
30649674000182;True;True
30723886000162;False;False
30732955000102;True;False
30740720000154;True;True
30746985000160;True;True
30767143000194;True;True
30829401000110;True;True
30855082000117;True;True
30964765000102;True;True
30973683000124;True;True
30988438000190;False;False
30991081000108;True;False
30994827000129;True;False
31066736000196;True;False
31078534000164;True;True
31228506000186;True;True
31238597000130;True;True
31291977000139;False;False
31303234000131;True;True
31306226000149;True;False
31404589000117;True;True
31446125000173;True;True
31452113002286;False;False
31509434000145;True;True
31512654000128;True;True
31537109000196;False;False
31556474000148;True;False
31578688000115;True;True
31650279000182;True;True
31691428000151;False;False
31691429000104;True;True
31749578000179;True;False
31779953000123;True;True
31790933000153;True;True
31807447000109;True;True
31858524000141;True;False
31863783000241;;
31930763000165;True;True
31946125000132;True;True
31973668000149;True;True
31980866000130;True;False
31984011000187;True;False
32065723000165;True;False
32074594000171;True;True
32169580000131;True;False
32200036000105;True;True
32200802000131;True;False
32299606000166;True;True
32300064000102;False;False
32398427000186;True;True
32403490000163;True;True
32409565000113;True;True
32421808000139;True;True
32512850000165;False;False
32553200000168;True;True
32586567000188;True;True
32587497000182;True;True
32677765000157;True;True
32761718000197;True;True
32780529000161;True;True
32785542000103;True;False
32788105000143;True;True
32849469000196;True;False
32899199000128;True;False
32937929000138;True;False
32945043000136;False;False
33095663000196;True;False
33096090000115;False;False
33126271000147;True;True
33197216000148;True;False
33205884000170;True;True
33208663000155;True;False
33214018000145;True;True
33263624000150;True;False
33341007000126;True;False
33350891000165;True;True
33413546000123;True;True
33414885000124;True;False
33416936000157;True;True
33441101000157;True;True
33450514000106;True;True
33453598000123;False;False
33466225000197;True;False
33484993000173;True;False
33579461000110;True;True
33664552000153;True;True
33667377000158;True;False
33700381000170;True;True
33758190000160;True;True
33807265000155;True;True
33838092000132;True;True
33878073000130;True;True
33907294000199;True;False
33922750000170;True;True
33933728000125;True;True
33935085000159;True;True
33960799000117;True;True
33967340000145;False;False
33970735000105;True;True
33982905000163;True;True
34003348000154;True;True
34023307000120;True;True
34047624000186;True;False
34129741000199;True;True
34157500000153;True;True
34229770000122;True;True
34237547000127;False;False
34266006000127;True;True
34299152000159;True;True
34308565000152;True;False
34339193000121;True;True
34380339000182;True;False
34393866000121;True;False
34398616000184;True;False
34433939000161;True;False
34451098000115;True;False
34474024000102;True;True
34485991000161;True;True
34487134000109;True;True
34542305000147;True;False
34595627000154;True;False
34601777000123;True;True
34634317000100;True;True
34703740000106;True;False
34710113000100;True;True
34732922000105;True;True
34753812000120;True;True
34784380000114;True;True
34796444000105;True;False
34814594000196;True;False
34881225000116;True;False
34903854000108;True;False
34949376000169;True;True
35054684000199;True;True
35111084000115;True;True
35124745000147;True;True
35159926000109;True;True
35183622000187;True;True
35204344000105;True;False
35206553000180;True;True
35264888000154;True;False
35292676000180;True;True
35356809000135;True;True
35374374000151;True;True
35407454000166;True;True
35430454000187;True;True
35460721000169;True;True
35467432000191;True;False
35588336000100;False;False
35602505000100;True;True
35654782000167;True;False
35733409000100;True;True
35734102000115;False;False
35765998000108;True;True
35941462000198;True;True
35959203000194;True;True
35998468000100;True;True
36011376000149;True;True
36023081000192;True;False
36028094000154;True;False
36069299000188;True;True
36089184000155;True;True
36099330000123;True;False
36130735000187;True;True
36137522000187;True;True
36161190000176;True;True
36213001000161;True;True
36234072000140;True;True
36259987000100;True;True
36273137000167;True;True
36277494000101;True;True
36292818000172;False;False
36312716000171;True;False
36320342000136;True;True
36341909000150;True;False
36344474000106;False;False
36352622000126;True;True
36354291000163;True;True
36361754000114;True;True
36386015000187;True;True
36422328000143;True;True
36441257000126;True;False
36443218000168;True;False
36452321000174;True;True
36478322000198;True;True
36521452000166;True;True
36549679000110;True;True
36573672000133;False;False
36582073000186;True;True
36582213000116;True;True
36601622000112;True;True
36629768000176;True;False
36651911000126;True;True
36733047000101;True;False
36735922000194;False;False
36765874000187;True;True
36771607000112;True;True
36791459000106;True;True
36800808000109;True;True
36801491000117;True;True
36808911000197;True;False
36819208000184;True;True
36854010000131;True;True
36867546000191;True;True
36885237000144;True;True
36899905000192;True;True
36930215000159;True;True
36973054000180;True;True
36974346000138;True;True
36977333000112;True;True
37010970000188;True;False
37032368000141;True;True
37034850000110;True;True
37104179000137;True;True
37126691000184;True;True
37179586000103;True;False
37244817000115;True;True
37310176000150;True;True
37336867000122;True;True
37367993000144;True;True
37378308000185;True;False
37379201000151;True;False
37397608000101;True;True
37514590000180;True;True
37519417000175;True;False
37559859000145;True;True
37604862000133;True;True
37633531000121;True;True
37694781000171;True;True
37700393000156;True;True
37763961000168;True;True
37778077000105;True;True
37787864000105;True;False
37800425000195;True;False
37862093000173;True;True
37880866000144;True;False
37881459000151;True;True
37895088000167;True;True
37904637000112;True;True
37937259000173;True;True
37940257000133;True;True
37948014000141;True;True
37996225000150;True;True
38017985000130;True;True
38099151000111;True;True
38133379000180;True;True
38133756000181;True;True
38152026000128;True;True
38171754000187;True;True
38171858000191;True;True
38193479000100;True;True
38222227000154;True;False
38225734000141;True;True
38246632000102;True;False
38271421000120;True;True
38276188000178;True;False
38310700000155;;
38328489000106;;
38333618000146;True;True
38338002000168;True;True
38349390000182;True;True
38358173000159;True;True
38361313000148;True;False
38395680000162;True;True
38398283000144;True;True
38407415000157;True;True
38457143000108;True;True
38462349000118;True;True
38462814000110;True;True
38730599000191;;
38828104000161;True;True
38828677000195;True;True
38925613000102;True;True
38973125000170;True;True
39226573000254;;
39232949000152;True;True
39234178000132;True;True
39267865000154;True;True
39286750000107;True;True
39334210000151;True;True
39351080000165;True;False
39359130000150;True;True
39453438000160;True;True
39494534000157;True;True
39502170000100;True;False
39502494000148;True;True
39512277000139;True;True
39514973000184;True;True
39519437000171;True;False
39531671000114;True;True
39600216000123;True;False
39621854000120;True;True
39624891000192;True;True
39650019000119;True;True
39723704000128;True;True
39729031000113;True;True
39747251000170;True;True
39822067000147;True;True
39838251000185;True;False
39870005000100;True;False
39884072000184;True;True
39906812000136;True;True
39913081000156;True;True
39931304000108;True;True
39979654000144;True;True
39998931000166;True;False
40074005000183;True;True
40081266000120;True;True
40092289000130;True;True
40098207000165;True;True
40108182000133;True;True
40123021000119;True;True
40139213000113;True;True
40147353000133;True;True
40159528000122;True;False
40164746000155;True;True
40165505000120;True;True
40194391000147;False;False
40248081000168;True;True
40263023000103;True;True
40284170000160;True;True
40288277000186;True;True
40313244000149;True;True
40323457000151;True;True
40337136000106;;
40351072000106;True;True
40366281000115;True;True
40381540000187;True;True
40442593000160;True;True
40476124000162;True;True
40508670000138;True;False
40531498000133;True;True
40544196000108;True;False
40576501000135;True;True
40587175000161;;
40602355000175;True;True
40645795000100;True;False
40669802000103;True;True
40677013000114;True;True
40682576000109;True;True
40685267000184;True;True
40693683000124;True;True
40738687000181;True;True
40754914000162;True;True
40756148000175;True;True
40765202000149;True;True
40776766000187;True;True
40791537000131;True;True
40841728013653;;
40880010000183;True;True
40903009000127;True;True
40961748000175;True;True
40965684000180;True;True
41003359000108;True;True
41023048000100;True;True
41050195000161;;
41070348000132;;
41070808000122;True;True
41110151000180;True;False
41114863000177;True;True
41141509000131;True;False
41179827000191;True;True
41194068000136;True;True
41204155000127;True;False
41207582000169;True;True
41249546000168;True;True
41281682000135;;
41285299000155;True;True
41303265000146;True;True
41361592000154;True;True
41371884000178;True;True
41435266000144;True;True
41467636000125;True;True
41480635000110;True;True
41535983000148;True;True
41565628000111;True;True
41592102000120;True;True
41604969000159;True;True
41620240000176;True;True
41663254000177;True;True
41694245000143;True;True
41730865000190;True;True
41744747000131;True;True
41759740000193;True;True
41760968000101;True;False
41770493000126;;
41852244000180;True;True
41853136000121;False;False
41877075000132;True;True
41891301000130;True;True
41904271000159;True;False
41922409000142;True;True
41922441000128;True;True
41940544000110;True;True
41987469000143;True;True
42075928000185;True;True
42124728000175;True;True
42178479000109;True;False
42192467000120;True;True
42221172000135;True;True
42257206000141;True;True
42258280000182;True;True
42269987000194;;
42278692000184;True;True
42326832000142;True;True
42350773000148;True;True
42360143000154;True;True
42394654000197;True;True
42430212000159;True;False
42446290000141;True;True
42474495000130;;
42506965000109;True;True
42507000000122;True;True
42529218000188;True;True
42535421000167;True;True
42539878000140;True;True
42568423000152;True;True
42580867000103;True;True
42588515000102;True;False
42613772000149;True;True
42649555000109;True;True
42665217000160;True;True
42675243000170;True;True
42747852000197;True;True
42773278000141;True;True
42829065000194;True;True
42837469000120;True;True
42838476000146;True;False
42848001000130;True;True
42866025000112;True;False
42892904000119;True;False
42938445000167;;
42987035000106;True;True
43036691000196;;
43053623000135;True;True
43055620000130;True;True
43058896000172;True;True
43069532000198;True;True
43086618000129;;
43115074000186;True;False
43137802000150;True;False
43139818000100;True;False
43224220000101;True;True
43288042000182;False;False
43316337000115;True;True
43328576000195;True;False
43433574000166;True;True
43468037000151;True;True
43474863000103;True;True
43478621000198;True;True
43514212000108;True;True
43558746000128;True;False
43583910000157;True;True
43587626000159;True;False
43615264000162;True;True
43677112000194;True;False
43693268000169;True;True
43724512000103;True;False
43757316000135;True;False
43767330000110;True;True
43794641000178;True;True
43934014000195;True;True
43956131000150;True;False
43958661000137;True;False
43977766000133;True;False
44000494000180;True;False
44023864000102;;
44030446000134;True;True
44030548000150;True;False
44062254000100;True;True
44112048000167;True;True
44121082000106;True;True
44155899000197;True;True
44285347000101;True;True
44292893000161;True;True
44305583000134;True;True
44393368000132;True;False
44422700000140;True;True
44426574000100;True;True
44453374000138;True;True
44465462000150;True;True
44466901000149;True;True
44479159000106;True;False
44482779000102;True;True
44489180000192;True;True
44492240000126;True;True
44493790000160;True;True
44517349000170;True;True
44518019000108;True;True
44538570000105;True;True
44543599000185;True;False
44546303000180;True;True
44556544000100;True;False
44575979000100;True;True
44634397000149;True;False
44697678000140;True;True
44730119000195;True;True
44748182000159;True;True
44775704000101;True;True
44826746000124;True;True
44835557000118;True;False
44877087000155;True;True
44960570000107;True;True
44974644000156;True;True
44980881000120;True;True
45006710000167;True;True
45011973000164;True;True
45045278000113;True;True
45050506000143;True;True
45058753000196;True;True
45066771000110;True;True
45087659000165;;
45098211000147;True;False
45196089000141;True;False
45250039000103;True;True
45310022000196;True;True
45311014000164;True;True
45326331000154;True;True
45348022000185;True;False
45456056000193;;
45475077000156;True;True
45477201000112;True;True
45496467000102;True;True
45503922000150;True;True
45532201000178;True;True
45568461000101;True;False
45572977000111;True;True
45616983000123;True;True
45627258000150;True;True
45644540000146;True;True
45651649000100;True;False
45675090000159;True;True
45700335000150;;
45703373000167;True;True
45715309000104;True;True
45755941000173;True;True
45772115000132;True;False
45779537000130;True;True
45836878000108;True;True
45868324000184;True;True
45898669000180;True;True
45899586000106;True;True
45906597000176;True;True
45944015000146;True;True
45963529000149;True;False
45974415000102;True;True
46066670000101;True;True
46067521000167;True;True
46082892000118;True;True
46086870000126;True;True
46137314000131;True;False
46196495000177;True;True
46200049000199;True;True
46250482000139;True;True
46311814000148;True;True
46318115000120;True;True
46323352000189;True;True
46339566000143;True;True
46342775000146;True;True
46376701000120;True;True
46388461000184;True;True
46400137000134;True;True
46405134000193;True;True
46436545000146;;
46456247000118;True;False
46471674000175;True;False
46484134000126;True;True
46528200000112;True;True
46548990000106;True;True
46588910000138;True;True
46604276000180;True;True
46749093000152;True;True
46787070000132;True;False
46789813000103;True;True
46803245000158;True;False
46806177000180;True;True
46813217000111;True;False
46818730000103;True;True
46828888000156;True;True
46845714000100;True;True
46849841000179;True;True
46886859000140;False;False
46892180000164;True;True
46897578000193;True;True
46916296000196;True;True
46920332000195;True;True
46939982000182;True;False
46950688000171;True;True
46964050000190;True;False
46973452000150;;
46985282000124;True;True
46997674000103;True;False
47006775000138;True;True
47017472000110;True;True
47024960000155;True;True
47026986000132;True;True
47032531000120;True;True
47073768000159;True;False
47075159000139;True;True
47126298000144;True;True
47185981000152;True;False
47193634000171;True;False
47199089000120;True;True
47217065000157;;
47219707000157;True;True
47228708000168;;
47239263000111;True;False
47250896000120;;
47259964000112;True;True
47268434000130;True;True
47280851000107;True;True
47304190000102;True;True
47322751000198;True;True
47335949000106;True;True
47351514000155;True;True
47353011000119;True;True
47372379000124;True;True
47378938000103;True;True
47383398000156;True;True
47411959000183;True;True
47435703000106;True;True
47457960000149;True;False
47472817000126;True;True
47474066000187;True;True
47607573000141;True;True
47627731000125;True;True
47630325000111;True;True
47651148000150;True;True
47669743000112;;
47685348000123;True;False
47702974000180;True;True
47705796000141;True;True
47720650000175;True;True
47733299000157;True;True
47753949000126;True;True
47775227000172;True;True
47780950000140;True;True
47811892000174;True;True
47843121000169;True;True
47857509000119;True;True
47876885000150;True;True
47888529000157;;
47920313000121;;
47949816000120;;
47954984000103;;
47993672000109;;
48023794000135;;
48024001000100;;
48030477000146;;
48042672000196;;
48077480000115;;
48091639000156;;
48139645000136;;
48157355000115;;
48170727000143;;
48214327000192;;
48227667000158;;
48254336000107;;
48281535000104;;
48298314000149;;
48302161000166;;
48329563000154;;
48342122000192;;
48342737000119;True;False
48358604000130;;
48364352000152;;
48382557000160;;
49810070000102;True;False
52369709000162;True;False
54239561000177;False;False
56074768000164;True;False
56643018000166;False;False
57490534000160;True;False
57712184000130;False;False
57715195000173;False;False
58137340002001;False;False
59334979000349;;
60746948000112;False;False
60746948169885;False;False
60894730000105;False;False
60941796000451;False;False
61082004000150;False;False
61486650000183;False;False
61526398031906;False;False
63489157000142;True;False
67410209000102;False;False
67758532000163;False;False
68143023000199;False;False
68640861000178;True;False
68853118000104;True;False
72873532000144;True;False
73003287000268;False;False
74046731000376;;
74123126000190;False;False
74574831000103;True;True
74661349000100;False;False
76597152000185;False;False
78189040000110;True;False
78588415001944;False;False
79342069005970;False;False
80629140000162;False;False
81173635000192;True;False
81261976000110;True;False
82901000000127;False;False
83878892000155;False;False
85326692000115;True;False
85332146000197;True;False
87456562000122;False;False
88067780000138;False;False
88071212000100;False;False
88212113002307;False;False
88586565000143;True;False
88611835000129;False;False
89086144000116;False;False
90115551000193;True;False
90441460000148;False;False
92027325000186;False;False
92702067000196;False;False
92727932000744;False;False
92749225000163;False;False
94768835000130;True;False
95602348000165;False;False
97537903000148;True;False
208012621;False;False
127993000167;False;False
217289000103;False;False
230225000134;True;False
238905000102;True;False
416968000101;False;False
656484000121;True;False
734543000485;False;False
754836000181;False;False
826607000125;False;False
844150000181;True;False
931718000100;False;False
1039012000192;True;False
1060100000176;True;True
1092686000401;False;False
1183116000176;False;False
1206941002788;False;False
1209459000162;True;False
1345202000138;False;False
1417222000177;False;False
1475924000107;True;False
1547481000112;False;False
1928043000102;True;False
1946013000110;False;False
2023490000177;False;False
2093125000139;True;False
2157176000268;False;False
2323453000184;False;False
2351144000118;False;False
2365069000144;False;False
2405951000176;True;False
2421421000111;False;False
2545360000285;True;False
2558157000162;False;False
2635522000195;False;False
2649725000130;True;True
2656196001921;False;False
2658560000163;True;False
2689510000143;True;False
2702824000210;False;False
2847681001206;False;False
3113827000108;False;False
3220438000173;False;False
3228281000122;False;False
3378899000179;True;False
3596534000200;False;False
3603270000185;True;False
3608241000106;True;False
3688666000172;True;False
3704338000112;False;False
3761409000119;True;False
3762947000128;False;False
3814438000100;True;False
3842898000133;False;False
3865570000132;True;False
3931322000142;True;False
3996096000188;True;False
4019367000108;False;False
4034297000167;False;False
4098240000121;True;False
4195220000179;True;False
4219777000283;False;False
4241320000194;False;False
4395456000159;True;False
4413313000122;True;False
4436079000159;True;False
4459956000107;False;False
4529120000131;False;False
4665133000138;False;False
4742028000155;True;False
4821041000108;False;False
4831608000380;False;False
4957602000192;True;False
5236595000100;False;False
5242015000180;False;False
5254957007271;False;False
5314137000134;False;False
5331509000130;False;False
5448446000105;True;False
5586517000128;False;False
5610271000182;True;False
5655187000347;;
5677031000103;False;False
5729328000167;True;False
5884669000107;False;False
5906063000125;False;False
6112513000170;False;False
6155276000125;True;False
6218990000115;False;False
6292780000258;;
6338571000117;False;False
6373224000125;False;False
6555836000139;True;False
6696645000197;True;False
6867016000182;False;False
6935725000158;False;False
6965725000109;True;False
7063080000173;True;False
7088778000143;False;False
7110963000197;False;False
7139485000148;True;False
7153543000198;True;False
7206816000115;False;False
7263531000116;False;False
7328706000126;True;False
7341923000156;False;False
7387388000174;True;False
7424707000174;False;False
7437016000105;False;False
7447023000198;False;False
7456538000154;True;False
7497512000154;False;False
7508834000151;True;False
7594978000178;False;False
7605075001036;;
7611562000110;False;False
7615169000103;True;False
7631274000128;True;True
7689002000189;False;False
7749873000140;True;False
7816890000153;False;False
7820907000146;False;False
7852645000100;True;False
7926704003235;False;False
7952246000889;False;False
7957021000149;False;False
8001152000382;False;False
8037841000185;False;False
8045950000144;False;False
8065557000112;False;False
8076862000100;True;False
8078416000134;True;False
8156855000380;;
8193934000107;False;False
8215635000118;False;False
8238386001077;;
8251235000168;False;False
8254292000109;True;False
8359543000101;True;False
8364948000138;False;False
8372297000128;False;False
8390702000130;False;False
8390859000166;True;False
8394423000145;False;False
8483818000114;False;False
8486019000100;False;False
8524824000172;False;False
8545821000115;True;False
8561701002074;;
8565492000174;False;False
8581122000120;True;False
8610675000164;False;False
8667627000102;True;False
8731619000420;False;False
8753255000137;True;False
8777639000190;False;False
8801621000186;False;False
8804234000284;False;False
8841044000156;False;False
8880077000296;False;False
8890986000124;False;False
8895838000100;False;False
8951053000108;True;False
9031612000116;False;False
9039859000189;False;False
9047268000153;False;False
9089133000150;True;False
9142731000146;True;False
9269991000187;False;False
9321806000156;True;True
9346601000125;False;False
9551402000744;;
9631030000170;False;False
9651515000126;True;True
9654749000127;True;False
10215988000160;False;False
10281936000191;True;False
10285590018228;;
10294251000180;False;False
10336481000245;False;False
10356697000191;False;False
10410381000130;False;False
10441755000185;True;False
10454074000151;True;False
10493612000117;False;False
10509307000257;;
10566074000143;False;False
10574455000255;True;False
10904998000102;True;False
10928875000101;False;False
10936685000136;True;False
10967921000181;False;False
10978921000187;False;False
11103910000116;True;False
11109437000184;True;False
11140945000125;True;False
11188734000162;True;False
11234755000177;False;False
11263922000108;False;False
11354997000102;False;False
11428625000175;True;False
11461166000121;False;False
11467951000191;True;True
11500574000145;False;False
11504835000103;True;False
11643765000166;True;False
11689967000149;True;False
11712355000120;False;False
11721921000160;False;False
11850762000101;True;True
12012897000152;True;False
12146258000180;True;False
12181987000177;False;False
12274282000285;False;False
12401986000190;False;False
12429631000100;True;True
12432646000127;False;False
12486809000405;False;False
12509858000165;True;False
12533136000146;False;False
12589014000171;True;False
12592936000138;True;True
12602618000100;False;False
12635623000110;True;True
12707277000138;True;True
12792964000107;True;False
12886398000194;True;True
12890370000120;True;False
12916891000100;True;True
12923901000134;True;True
12933145000710;False;False
12939698000194;False;False
12964533000172;True;False
12980136000437;;
12983339000134;True;False
13037716000377;False;False
13079893000154;False;False
13105546000159;True;True
13107150000302;False;False
13250840000235;False;False
13260863000140;True;False
13270520000166;False;False
13345620001771;False;False
13419156000153;True;False
13432013000181;True;True
13553507000114;True;False
13569481000283;;
13574594000196;False;False
13639811000189;True;False
13646671000176;True;True
13652947000129;True;False
13776823000155;True;False
13777849000118;False;False
13839509000174;True;True
13867386000185;True;False
13876880000106;True;False
13908111000142;True;True
13961265000106;True;False
13992204000106;False;False
13998121000116;True;True
14001108000103;True;False
14071980000128;True;False
14109658000140;True;False
14123944000160;True;False
14221290000108;True;False
14413739000130;True;False
14495679000141;True;True
14533623000134;False;False
14634316000140;False;False
14724667000141;False;False
14748954000191;False;False
14785253000122;True;True
14816868000179;False;False
14826698000103;True;False
14886555000197;True;False
14892033000289;;
14922621000218;False;False
14985944000170;False;False
15032751000167;True;True
15097399000148;False;False
15129817000131;True;True
15178520000166;True;True
15192403000157;False;False
15259356000111;False;False
15270656002498;False;False
15391138000136;False;False
15396568000140;True;True
15467033000113;True;True
15533821000160;True;False
15593696000184;True;True
15643225000133;True;False
15666319000128;True;True
15702514000166;False;False
15716114000100;True;False
15740386000145;False;False
15768318000194;False;False
15785285000190;False;False
15868439000108;True;False
15914705000191;True;True
16404287000155;False;False
16514555000191;True;True
16531893000131;True;False
16634500000115;False;False
16670085000155;False;False
16713064000170;True;True
16730498000188;True;True
16734425000164;True;True
16771837000174;True;True
16775739000105;True;True
17024176000186;True;True
17035072000177;False;False
17046105000184;True;True
17106124000159;True;True
17167396000169;False;False
17331410000118;True;False
17333981000191;False;False
17368595000135;True;False
17376800000104;True;True
17485872000190;True;True
17487298000109;True;False
17543923000192;True;False
17592377000180;True;True
17596598000126;True;False
17671054000181;False;False
17696228000160;True;True
17727994000145;True;True
17755091000178;False;False
18116989000169;True;True
18130083000107;False;False
18135567000130;True;False
18226766000154;True;False
18237775000140;True;False
18307385000108;True;True
18361054000148;True;False
18431316000101;True;True
18474169000149;True;False
18495449000133;True;True
18535858000116;False;False
18545176000194;True;False
18559508005906;False;False
18610190000124;True;True
18708930000160;True;True
18739099000103;True;True
18770516000180;True;True
18778672000198;True;False
18869699000196;True;True
18910089000199;True;True
19088557000154;False;False
19093019000158;True;True
19143804000178;True;True
19215549000121;True;False
19248662000103;False;False
19311319000166;True;True
19421453000110;True;True
19575197000115;True;True
19634884000164;True;True
19676776002017;False;False
19677483000191;False;False
19734747000100;True;True
19750316000129;True;False
19761698000196;True;True
19792001000497;False;False
19829995000126;True;True
19839541000136;True;True
19847395000190;True;False
19889392000110;True;False
19904356000188;True;True
19949961000175;True;False
19963345000179;True;True
20004409000193;True;True
20018593000120;True;True
20157781000130;True;False
20338608000138;False;False
20403158000110;False;False
20451432000126;False;False
20492817000131;True;True
20545569000140;True;True
20629185000105;True;True
20668615000106;True;False
20690086000139;False;False
20957182000109;True;True
20960150000154;True;False
20964687000192;True;True
21072895000140;True;False
21235849000114;True;True
21240146000184;False;False
21282573000125;True;True
21384176000164;True;True
21446416000108;False;False
21449643000278;;
21467222000199;True;False
21492408000106;True;True
21553941000122;True;True
21672940000105;True;True
21703636000170;True;True
21748028000181;True;True
21815146000165;True;False
21871350000101;True;True
21942087000196;True;True
21972709000129;True;True
22024118000192;True;True
22027572000105;True;False
22028020000103;True;True
22055008000198;False;False
22115174000132;False;False
22121166000107;True;True
22145154000104;False;False
22327771000120;True;True
22394394000142;True;True
22412212000119;True;True
22458157000106;True;True
22546261000144;True;True
22602707000100;True;True
22605245000185;True;False
22610353000146;False;False
22636573000149;True;True
22687496000156;True;False
22731440000151;True;True
22747959000128;False;False
22769617000109;True;False
22872824000437;False;False
22907388000141;True;True
22914127000159;True;True
23033320000143;True;False
23093552000197;False;False
23095981000101;True;False
23153178000178;True;True
23201773000131;True;True
23237848000134;False;False
23296039000101;True;True
23323067000162;True;False
23393637000190;True;False
23409769000163;True;True
23474275000162;False;False
23489736000170;True;True
23499973000112;False;False
23513555000132;True;False
23517750000130;True;True
23550440000118;True;False
23566050000136;True;False
23593314000140;True;True
23624537000128;False;False
23712106000113;True;True
23766800000113;False;False
23798367000106;True;True
23803402000120;True;True
23939061000114;True;True
23963050000170;True;True
23970294000180;False;False
23972654000182;True;True
23999587000190;False;False
24035654000119;True;True
24072396000140;True;False
24086995000113;True;False
24115524000196;True;False
24130830000100;True;False
24131851000131;False;False
24140789000144;True;False
24164479000160;True;True
24195601000327;;
24234181000189;True;False
24239820000107;False;False
24486504000121;True;True
24488564000183;True;True
24500540000607;False;False
24518574000114;True;True
24573237000120;True;True
24599287000186;True;True
24713470000160;False;False
24717720000211;False;False
24727962000105;True;True
24739296000125;True;True
24787850000140;True;True
24872168000155;True;True
24878302000125;False;False
24926173000101;True;True
24945342000142;True;False
25002723000150;True;False
25067018000131;False;False
25091630000140;True;True
25147637000136;True;True
25151191000113;True;True
25192546000112;True;True
25240384000140;True;False
25245769000109;True;False
25257363000138;True;False
25330855000101;True;True
25336253000161;True;True
25675497000179;True;False
25680916000160;True;True
25985744000133;True;True
25987788000100;True;True
26001007000200;False;False
26001309000190;True;True
26003940000128;True;True
26019594000176;True;True
26193884000131;True;True
26283260000105;True;True
26327195000172;True;False
26386281000318;False;False
26391270000164;True;True
26413386000157;True;True
26486491000116;True;True
26494777000143;True;True
26522596000183;True;True
26527914000107;True;False
26577292000113;True;False
26640810000104;False;False
26663957000101;False;False
26689500000176;True;False
26696152000164;False;False
26710565000156;True;False
26744879000170;False;False
26803018000115;True;False
26803730000114;True;True
26809664000190;True;True
26837106000138;True;True
26848178000180;True;True
26927055000135;True;False
27065596000164;True;True
27103291000108;False;False
27200702000175;True;True
27278947000115;True;True
27288243000123;True;True
27375668000170;False;False
27399791000120;True;True
27532967000170;True;True
27668998000153;True;False
27748702000104;True;True
27778002000162;True;False
27830265000173;True;True
27885790000196;True;True
27977186000190;True;False
28025029000147;False;False
28180052000106;True;False
28427070000140;True;True
28475225000113;True;False
28554968000189;True;True
28644218000106;False;False
28702087000168;True;True
28705113000101;True;True
28768647000187;False;False
28796231000172;True;True
28809304000113;False;False
28828199000160;True;True
28851376000129;False;False
28901295000196;True;True
28925813000101;True;True
28953311000194;True;True
28984357000170;True;True
29010631000173;True;False
29166841000155;True;True
29247513000183;True;True
29266283000108;False;False
29280596000102;True;True
29327595000176;True;False
29397919000142;False;False
29418716000195;True;False
29423676000170;True;True
29445825000100;True;True
29467351000199;False;False
29563219000180;True;True
29711799000106;True;False
29751390000113;True;False
29754028000104;True;True
29764544000101;True;True
29780061000109;False;False
29843618000103;True;True
29847972000106;False;False
29950060000157;False;False
29968675000100;True;True
29978814000187;False;False
30054840000106;True;True
30114648000150;True;False
30157467000100;True;True
30160965000102;True;True
30165540000196;True;True
30186080000182;True;True
30264686000199;False;False
30267876007253;False;False
30297195000730;;
30353086000105;True;True
30420793000169;True;False
30477457000152;True;True
30485388000129;True;True
30495578000127;True;True
30497086000170;True;False
30498671000195;True;True
30516313000168;True;True
30558935000159;True;True
30635034000113;True;True
30673691000155;False;False
30702992000160;True;False
30706854000159;True;True
30737287000106;True;True
30742555000412;False;False
30768714000105;True;True
30779901000194;True;True
30794954000184;True;True
30820768000172;True;True
30853588000197;True;True
30855551000106;True;False
30933064000106;True;False
31029147000138;False;False
31078194000171;True;True
31100609000166;False;False
31154170000154;True;True
31157952000147;False;False
31159339000169;True;True
31289587000124;True;True
31291749000169;False;False
31329726000104;True;False
31389573000182;True;True
31440614000118;True;True
31485157000188;True;False
31493689000167;True;True
31583871000109;True;False
31595471000113;True;False
31616729000110;True;False
31678830000104;True;False
31733872000354;;
31736577000190;True;True
31745405000182;True;True
31795195000137;True;True
31807179000117;True;True
31872190000160;True;True
31916236000104;True;True
31976193000144;True;True
31987642000150;True;True
32013570000102;True;False
32060067000108;True;True
32118345000130;True;True
32158469000140;True;True
32233047000191;True;True
32274395000107;True;True
32385121000195;True;True
32385868000143;True;True
32405303000180;True;True
32415905000119;False;False
32510589000164;True;True
32549150000145;True;True
32559637000109;True;True
32577872000103;False;False
32603787000172;True;True
32632217000100;True;False
32700454000161;False;False
32721477000152;True;True
32769730000148;True;True
32819364000194;False;False
32857223000166;True;False
32893912000126;True;False
32903509000130;True;False
32982895000101;True;True
33022232000108;True;True
33084498000177;True;False
33102476000192;False;False
33170336000151;True;True
33226099000101;True;False
33256439000139;False;False
33278232000165;True;True
33284106000113;True;True
33295420000100;True;True
33313916000150;True;True
33318241000132;False;False
33325058000164;True;False
33395207000161;True;True
33429963000164;True;False
33438250058408;False;False
33440820000153;True;False
33452551000145;True;True
33466988000219;False;False
33467572000134;False;False
33517035000151;True;False
33521240000190;True;True
33556864000143;True;True
33590794000140;True;False
33611500000119;False;False
33622493000150;True;True
33637910000139;True;False
33647705000154;True;True
33672446000111;True;False
33697095000284;False;False
33701884000160;False;False
33734130000107;True;True
33757679000117;True;False
33774920000116;True;True
33788851000108;True;True
33792413000105;True;True
33835197000138;True;True
33845806000130;True;True
33926145000177;True;True
33935598000160;True;True
33958695000178;False;False
33975508000164;True;True
33991377000109;True;True
34003324000103;True;True
34025739000170;True;True
34071747000152;True;False
34081623000158;True;True
34169557000172;False;False
34200104000161;True;False
34223555000114;False;False
34240601000193;True;True
34262381000107;True;False
34270656000146;True;True
34360143000126;True;True
34428346000107;True;True
34461649000121;True;False
34467341000193;True;True
34563307000112;True;False
34653761000164;True;True
34657154000172;True;True
34791311000138;True;True
34878949000100;False;False
34894112000155;True;False
34994259000117;True;True
35001521000148;True;False
35042417000100;True;True
35047394000118;True;True
35053086000103;True;True
35064395000170;True;True
35085954000129;True;True
35086280000187;True;True
35111135000109;True;True
35116065000181;True;True
35124048000196;True;True
35124598000105;True;True
35182939000107;True;True
35198315000170;True;False
35220349000113;False;False
35242176000134;True;True
35285779000113;True;True
35326012000195;True;True
35395539000171;True;True
35426153000180;True;True
35426326000160;True;False
35430819000173;True;False
35438349000194;True;False
35447105000178;True;True
35481181000108;True;True
35506411000138;True;True
35549548000170;True;True
35572418000158;True;True
35591688000106;True;False
35605275000133;True;False
35655714000112;True;False
35675843000172;True;True
35680019000100;True;True
35752495000270;;
35784679000131;False;False
35826636000171;True;True
35917969000106;True;True
35931686000119;True;False
35936474000124;True;True
35950757000120;True;False
35953279000102;True;True
35964848000115;True;False
35978393000197;True;True
35985892000101;True;True
36016317000163;True;True
36033160000184;True;True
36046153000117;True;True
36050242000137;True;True
36082133000100;True;True
36100272000100;True;True
36121312000109;True;True
36124647000172;True;True
36140384000195;True;True
36145955000184;True;True
36184246000108;True;True
36207275000148;True;True
36221030000175;True;True
36227688000194;True;True
36270900000104;True;True
36312774000103;True;False
36342614000107;True;True
36357422000166;True;True
36377366000121;True;True
36406369000146;True;True
36420400000101;True;False
36461324000174;True;True
36499419000187;True;True
36512272000118;True;False
36525122000149;True;True
36569441000156;True;True
36601635000191;True;True
36617126000157;True;True
36650977000100;True;True
36675887000165;True;True
36705683000120;True;False
36784186000164;True;True
36804814000126;True;True
36816880000116;True;True
36851606000188;True;True
36866111000122;True;True
36883931000122;True;True
36888166000133;True;True
36894576000197;True;True
36938804000183;True;True
36951442000160;True;True
37033076000123;True;True
37067086000180;True;True
37074744000160;True;True
37083681000109;True;False
37115688000165;True;True
37122474000116;True;True
37130953000184;True;True
37196027000101;True;True
37220584000110;True;True
37254339000124;;
37258363000131;True;False
37296022000150;True;True
37302230000115;True;True
37329408000111;True;True
37331545000190;True;True
37366724000163;True;True
37367354000189;True;True
37369175000180;True;True
37369563000161;True;False
37372625000194;True;True
37373052000113;True;True
37403135000108;True;True
37447769000162;True;True
37528737000191;True;True
37530879000193;True;True
37586552000133;True;True
37613024000126;True;True
37714721000173;True;True
37754145000198;True;True
37788380000180;True;True
37797533000156;True;False
37807499000153;True;True
37869143000144;True;True
37912783000190;True;True
37920508000118;True;False
37955632000119;True;False
37978643000114;True;True
38013138000106;True;False
38016058000104;True;True
38022966000100;True;True
38037086000108;True;False
38148170000190;True;True
38174683000176;True;True
38184598000199;;
38213099000182;True;True
38232038000162;True;True
38250691000154;True;False
38255996000159;True;True
38296150000167;True;True
38323718000191;True;True
38348901000141;True;True
38358191000130;True;True
38360706000137;True;False
38366469000111;True;False
38406160000108;True;True
38424515000191;True;True
38425725000102;True;True
38435861000175;True;True
38441383000106;True;False
38456970000179;True;True
38462019000122;True;False
38490381000107;True;False
38535184000167;True;True
38652503000114;True;True
38973493000119;True;True
39254084000125;True;True
39262864000117;True;True
39330034000180;True;False
39339796000147;True;True
39341692000177;True;False
39404393000134;True;True
39406299000114;True;False
39487310000118;True;True
39532604000114;True;True
39535065000177;True;True
39551470000189;True;True
39582963000186;True;True
39660007000175;True;True
39674305000114;True;True
39683598000104;True;True
39701634000107;True;False
39707635000169;True;True
39734493000129;True;True
39858126000137;True;False
39906707000105;True;True
39929672000111;True;False
39943380000133;True;True
39951533000194;True;False
39969602000197;True;True
39987885000280;;
40063177000151;True;True
40076755000194;True;True
40101314000103;True;True
40118730000106;True;True
40123229000138;True;True
40129177000107;True;True
40130089000125;True;True
40146503000194;True;True
40147629000183;True;True
40186162000180;;
40299526000139;True;True
40299810031760;;
40299810040913;;
40382638000159;True;True
40413143000140;True;True
40414460000180;True;True
40416077000161;True;True
40417698000160;True;False
40444488000160;True;True
40446788000189;True;True
40451138000121;True;True
40470144000126;True;True
40479532000178;True;True
40509137000190;True;True
40521623000124;True;True
40521937000127;True;True
40553900000180;True;True
40647601000105;;
40684315000110;True;True
40697364000197;True;True
40728111000133;True;False
40755741000105;True;True
40786861000161;True;True
40800204000121;True;True
40855158000168;True;False
40905784000111;True;True
40907760000100;True;True
40919258000100;True;False
40933306000115;True;True
40937251000111;True;True
40938606000197;True;True
40943416000168;True;True
40946217000103;True;True
40995535000164;True;False
41017877000172;True;False
41039449000140;True;True
41061594000128;;
41073707000105;True;True
41107629000112;True;True
41125555000147;True;False
41133254000165;True;True
41183194000195;True;True
41197954000113;True;False
41198396000100;True;True
41246470000117;True;True
41315406000140;True;True
41329992000182;True;True
41334247000121;True;False
41360175000197;;
41369773000127;;
41370054000126;True;True
41388803000142;True;False
41398671000130;True;True
41415468000124;True;False
41437357000119;True;True
41461346000174;True;True
41466984000188;True;True
41515667000104;True;True
41518634000118;;
41596840000146;;
41606186000104;True;True
41611545000111;True;True
41616653000187;True;True
41648631000107;True;True
41658597000143;True;True
41658700000155;True;True
41740975000133;True;False
41784306000163;True;True
41856851000118;True;True
41905238000143;True;True
41984258000157;True;False
42028033000190;True;False
42070907000177;True;True
42101768000100;True;True
42118951000100;True;True
42164978000139;True;True
42177455000127;True;True
42253574000111;True;True
42278291000124;False;False
42281141000170;True;True
42302097000137;True;True
42309330000103;True;True
42363818000119;True;True
42392490000169;True;True
42410090000139;True;True
42517641000168;True;True
42564219000163;True;False
42599402000102;True;False
42613022000177;True;True
42625211000160;True;False
42643603000151;True;False
42740519000156;True;True
42746658000197;True;False
42771949000135;False;False
42791827000100;True;True
42820457000192;True;True
42828730000125;True;True
42867790000157;True;True
42885268000106;;
42894233000125;True;True
42900689000150;True;True
42910033000119;True;True
42912183000161;True;True
42927592000131;True;True
42935087000139;True;False
42947733000188;True;True
42948564000109;True;True
42953120000153;True;True
42992724000109;True;False
42997492000181;True;True
43001403000168;True;False
43024630000109;True;False
43065114000122;True;True
43116875000166;True;True
43125801000196;True;True
43139152000182;True;True
43148085000162;True;True
43189868000194;True;True
43198433000106;True;False
43202461000150;True;True
43212051000190;True;True
43221486000109;True;True
43241593000190;True;True
43249764000128;True;True
43280293000110;True;True
43284722000128;True;True
43288131000129;True;True
43293931000138;True;True
43296761000145;True;True
43311328000131;True;True
43318217000157;True;True
43324331000190;True;True
43335789000144;;
43411977000104;True;True
43413703000154;True;True
43455548000139;True;True
43458558000128;True;True
43500705000180;True;True
43528409000198;True;True
43538790000176;True;True
43556028000112;True;True
43642150000101;True;True
43667247000179;True;False
43677477000119;True;True
43700385000102;True;False
43702735000170;True;True
43704351000196;True;True
43710543000105;True;True
43715174000143;True;False
43768090000178;True;True
43804800000178;;
43843170000140;True;True
43847416000152;True;True
43855942000164;True;True
43912931000179;True;True
43931329000189;True;True
43935271000141;;
43959362000117;True;False
44002677000134;True;True
44049011000131;True;True
44055172000138;;
44062497000148;;
44064902000167;True;True
44106344000155;True;False
44138134000149;True;False
44188037000160;True;True
44213336000108;True;True
44259650000121;;
44269549000151;True;True
44272799000140;True;True
44276994000149;True;True
44284510000103;True;False
44289101000108;True;True
44362254000125;True;False
44365201000168;True;True
44394077000169;True;True
44396815000107;True;True
44404013000100;True;True
44408955000158;True;True
44409876000161;True;True
44420272000116;True;True
44421408000102;True;True
44444614000138;True;True
44464833000189;True;True
44509225000143;True;True
44517398000103;True;True
44527644000108;True;True
44555080000117;True;False
44614850000155;True;True
44658130000191;True;False
44706987000130;True;True
44755474000119;True;True
44781712000160;True;True
44792664000106;True;True
44826569000186;True;True
44900791000181;;
44908764000155;True;False
44977521000179;True;True
44980726000103;True;True
44983509000177;True;False
44985312000177;True;True
45003273000128;True;True
45014954000191;True;True
45073321000154;True;True
45117804000103;True;True
45153688000188;True;True
45199956000100;True;True
45205593000160;True;True
45318471000180;True;True
45323870000130;False;False
45337500000151;True;True
45340165000140;True;False
45359532000158;True;True
45380884000195;True;True
45394670000178;True;True
45398672000135;True;True
45398753000135;True;True
45428878000160;True;True
45446715000100;True;True
45450191000121;True;False
45454951000179;True;True
45502302000104;True;True
45503229000187;True;True
45512659000165;True;True
45519347000183;;
45589618000177;True;True
45636848000140;True;True
45655778000177;True;True
45660734000135;True;False
45677865000125;True;True
45679643000141;True;True
45699500000100;True;True
45736702000176;True;False
45744170000119;True;True
45791796000186;True;False
45799352000197;True;True
45804012000107;True;True
45814666000111;True;True
45840602000195;True;True
45842661000100;True;True
45851852000120;True;True
45885539000103;True;True
45902510000192;True;True
45913257000172;True;True
45932403000107;True;True
45948398000120;True;False
45985443000117;True;True
46045272000109;True;True
46048259000103;True;True
46052224000148;True;True
46059231000171;True;True
46086471000165;True;True
46092860000101;True;False
46104207000107;True;True
46123051000101;True;True
46170327000102;True;True
46206378000147;True;True
46214962000144;True;True
46247277000114;True;True
46265891000109;True;True
46272425000150;True;True
46283960000107;True;False
46283977000164;True;False
46292909000161;True;True
46298732000100;True;True
46313419000102;True;True
46316320000156;True;True
46403836000138;True;True
46413939000189;True;False
46434562000144;True;False
46436096000136;True;True
46472974000179;True;False
46481026000108;True;True
46553579000110;;
46569685000192;True;True
46590820000181;;
46639101000108;True;False
46640552000165;True;True
46654327000188;True;True
46657202000101;True;False
46681226000104;True;True
46758346000154;True;True
46786895000132;True;True
46787411000170;True;False
46813636000153;True;True
46855575000197;True;True
46892850000142;True;True
47001460000106;True;True
47024509000138;True;True
47026663000149;True;True
47045217000181;True;False
47068061000154;True;True
47081169000187;True;False
47131720000150;True;True
47201448000137;True;True
47217676000103;True;True
47244674000103;True;True
47255026000144;True;False
47276883000120;True;True
47364699000132;True;True
47431609000189;True;True
47444875000146;;
47482969000100;;
47484376000182;True;True
47485840000155;;
47509603000187;True;True
47516051000134;True;True
47524779000108;True;False
47528623000103;;
47530742000192;True;True
47551129000151;True;True
47578030000143;True;True
47584208000169;;
47591044000105;True;True
47594217000130;True;False
47595743000115;True;True
47619365000162;True;True
47661122000192;True;True
47676521000127;True;True
47679771000110;;
47692148000106;True;True
47693012000102;True;True
47694587000140;True;True
47700241000107;True;True
47715467000181;True;False
47751453000113;True;True
47801283000134;True;True
47815430000125;True;True
47817647000174;True;True
47860616000104;;
47861199000106;True;True
47872717000197;True;True
47906548000169;;
47922864000124;;
48016671000177;;
48030066000150;;
48068778000169;;
48078303000153;;
48080210000163;;
48082919000106;;
48082958000103;;
48084334000117;;
48102893000102;;
48103443000134;;
48105349000114;;
48120967000133;;
48132523000118;;
48182701000115;;
48207220000117;;
48216386000108;False;False
48229794000196;;
48265635000147;;
48270480000137;;
48271054000118;;
48282989000108;;
48286149000105;;
48288200000118;;
48290718000196;;
48303067000121;;
48309608000129;;
48317136000156;;
48318052000137;;
48328797000187;;
48353006000179;;
51466860000156;False;False
52548435000179;False;False
52695236000274;False;False
52863883000167;True;False
54299276000141;True;False
57855207000165;False;False
58158015000162;False;False
59273367016800;;
59789545000171;False;False
60637238000154;False;False
62984091000102;False;False
64652563000147;True;False
74028572000115;False;False
74145962000175;False;False
75783688000122;False;False
79607685000199;False;False
79628152000193;False;False
81171530000102;True;False
82636986000155;False;False
83596759000106;False;False
84522960000101;False;False
84646041000140;False;False
84683481003273;False;False
85329126000167;True;False
85906329000179;False;False
88610126000129;False;False
89431159000174;False;False
90300997000198;False;False
93250397000150;True;False
94860566000307;False;False
97342620000140;False;False
97523004000196;True;True
21581000148;False;False
139348000164;False;False
336701000104;False;False
360305208520;False;False
419223000198;True;False
447540000118;False;False
528749000106;True;True
651923000103;True;False
718700000116;False;False
755990000259;False;False
766597000180;False;False
791156000138;False;False
809995000136;False;False
838431000121;True;False
857396000198;True;False
864214000106;False;False
870953000100;True;False
914988000102;False;False
924429000175;False;False
1034243000103;True;False
1083200000118;False;False
1107327000120;False;False
1190715000117;False;False
1265794000188;False;False
1666720000153;True;False
1809535000170;True;False
1864335000110;False;False
1907064000133;True;False
1957772000189;False;False
2024964000103;False;False
2072248000193;False;False
2089632000107;False;False
2170723000164;False;False
2225879000103;False;False
2266992000129;True;False
2291077000193;False;False
2381352000160;False;False
2415583136200;False;False
2543672000179;True;False
2761715000192;False;False
2777024000187;False;False
2796775000140;False;False
2799600000197;True;False
2951160017974;False;False
2998301000181;False;False
2998611000104;False;False
3014553000191;False;False
3134568000193;False;False
3141154000191;False;False
3163273000145;False;False
3342704000130;False;False
3388861000187;True;False
3467321000199;False;False
3498812000954;False;False
3644223000180;False;False
3673116000180;False;False
3785540000892;False;False
3847461000192;False;False
3862058000132;True;False
3880797000157;False;False
3949507000184;False;False
3987769000133;True;False
4019503000160;False;False
4023142000125;False;False
4030182000102;False;False
4031213000131;False;False
4065791000199;False;False
4172041000116;False;False
4193384000167;False;False
4227596000118;False;False
4247306000106;False;False
4322105000118;True;False
4341652000140;True;False
4383871000192;False;False
4402540000152;True;False
4517451000151;False;False
4551899000191;True;False
4810693000139;True;False
4834551000101;True;False
4900365000123;True;False
4909530000108;True;False
5014752000206;False;False
5301036000129;False;False
5324257000112;False;False
5410562000208;True;False
5457168000144;True;False
5526495000100;True;False
5598584000162;True;False
5774280000109;False;False
5804804000167;False;False
5866375000152;False;False
5914548000160;False;False
5931974000102;False;False
5936844000677;False;False
5993351000164;False;False
5993601000166;False;False
5999555000102;False;False
6036217000138;True;True
6047087011688;False;False
6078537000150;False;False
6117801000118;True;False
6137400000200;False;False
6929204000198;False;False
6968213000198;True;False
6977745000191;False;False
7038535001768;False;False
7150301000140;True;False
7196820000816;False;False
7204895000125;True;False
7219651000620;;
7257166000137;True;False
7282105000200;False;False
7306697000172;False;False
7324831000168;False;False
7574566000176;False;False
7662001000140;True;False
7734180000184;True;False
7752635000194;False;False
7753082000194;True;False
7844960000187;True;False
7887493000172;False;False
7913016000991;False;False
7927812000207;False;False
7948974002003;;
8006300008689;False;False
8031919000154;False;False
8105285000218;False;False
8142850000993;False;False
8162832000620;False;False
8171788000372;False;False
8206529000178;False;False
8256820000312;False;False
8281138000118;False;False
8353968000103;True;False
8391446000104;False;False
8403031000103;False;False
8412809000132;False;False
8425140000113;True;False
8469018000149;True;False
8484467000670;;
8536261000132;False;False
8551540000175;False;False
8563792000114;False;False
8625611000137;False;False
8628998000185;False;False
8636309000346;False;False
8690359000140;False;False
8725117000144;False;False
8764621000153;False;False
8787149000174;True;False
8883972000264;;
8886050000120;False;False
8911342000175;False;False
8914726000141;False;False
8926302000105;False;False
9027414000189;False;False
9054256000156;False;False
9064034000114;False;False
9085221000184;True;False
9114805000130;False;False
9138229000161;False;False
9150233000145;False;False
9190930000120;False;False
9204339000184;True;False
9205236000139;True;False
9295063000197;False;False
9295876000187;False;False
9298196000117;False;False
9302040000162;False;False
9305994000129;False;False
9306404000182;True;False
9347516000181;False;False
9376422000130;True;False
9421593000134;False;False
9612223000184;False;False
9620067000284;False;False
9638126000160;False;False
9658455000173;True;False
9943359000177;False;False
10176979000107;False;False
10233031000146;True;False
10239989000144;True;False
10282784000141;True;False
10291221000110;True;False
10323563000174;False;False
10449144000183;True;False
10525833000120;False;False
10543990000168;False;False
10554822000178;False;False
10583063000171;False;False
10612234000143;False;False
10614974000119;True;False
10707001000124;False;False
10708909000152;False;False
10784100000100;True;False
10792402000120;False;False
10901408000198;True;False
10989619000124;True;False
11102604000165;True;False
11113566000146;False;False
11274934000138;True;False
11276302000103;False;False
11344690000112;False;False
11491970001478;False;False
11533892000102;True;True
11569038000104;True;True
11625894000121;False;False
11751386000190;False;False
11759159000100;True;False
11927722000102;True;True
11929007000109;True;False
11945151000139;False;False
11971533000137;True;False
11984123000120;True;False
11992680000193;False;False
12044062000184;False;False
12050156000166;False;False
12105100000161;True;False
12130657000152;True;False
12145870000138;False;False
12225911000104;True;True
12291595000160;False;False
12377506000101;True;True
12436393000160;True;True
12480531000108;True;True
12522715000193;False;False
12528708000107;False;False
12586179000190;False;False
12588664000283;False;False
12600354000156;False;False
12648266000124;False;False
12711471000197;True;True
12748170000138;False;False
12769620000179;False;False
12845759000154;True;True
12875404000108;False;False
12943455000120;True;True
12978232000289;;
13118126000107;True;True
13139045000193;True;True
13228447000164;True;True
13244841000196;True;False
13267840000833;;
13286402000146;False;False
13372439000197;False;False
13450610000139;True;True
13531792000172;True;False
13538929000110;True;False
13545647000140;True;False
13600951000143;True;True
13616192000107;True;False
13682853000100;False;False
13759663000136;True;False
13812884000201;;
13823124000119;False;False
13928484000185;True;True
14157785000115;False;False
14198794000154;False;False
14202407000106;True;False
14411969000160;True;True
14444625000157;False;False
14459988000166;True;True
14492112000111;True;False
14519240000101;True;True
14717153000169;False;False
14791261000181;False;False
14929785000196;True;True
14952544000168;False;False
15009589000166;True;False
15039528000141;True;True
15207613000171;False;False
15274200000100;True;True
15341963000126;True;False
15414465000166;False;False
15435831000163;True;False
15647686000184;False;False
15670042000107;True;True
15676887000100;True;True
15698002000173;False;False
15734723000191;True;True
15771550000181;False;False
16010431010131;False;False
16098156000197;False;False
16565111002129;False;False
16580842000108;True;True
16598424000130;True;False
16643187000181;True;True
16772412000180;True;True
16778073000149;False;False
16793827000130;True;False
16816550000113;True;False
16841091000128;False;False
16878637000115;False;False
16906876000131;True;True
16922038000151;False;False
16924825000132;False;False
16953438000124;True;True
16962566000134;True;False
17004301000196;True;True
17032981000151;True;False
17085429000121;True;False
17139549000164;False;False
17179768000177;False;False
17224822000159;True;False
17285570000178;True;False
17293087000135;False;False
17295170000143;False;False
17401892000135;True;True
17508280000146;True;False
17527039000164;False;False
17571156000125;True;False
17676825000123;True;False
17698471000207;False;False
17740304000198;True;False
17747102000178;True;True
17768749000186;False;False
17928461000121;True;True
17978217000173;True;False
17983190000107;True;False
18021990000100;True;False
18237353000175;True;False
18240743000102;True;True
18307792000107;True;False
18356130000127;False;False
18376747000104;True;False
18395438000181;True;False
18463951000162;True;True
18483666000103;False;False
18498483000161;True;True
18675719000198;False;False
18699234000134;True;True
18745490000110;True;False
18750262000139;True;True
18793040000101;True;True
18833429000125;True;True
18833499000183;True;True
18873394000158;True;False
18993580000120;True;False
19113637000201;;
19116117000163;True;True
19180128000102;False;False
19407108000121;True;False
19440800000151;False;False
19443942000172;True;False
19469764000159;True;True
19471359000175;True;True
19534962000159;False;False
19585352000184;True;True
19586835000101;False;False
19630907000162;False;False
19657224000107;False;False
19720428000137;True;False
19734973000182;False;False
19955535000144;True;True
20053826000207;;
20085971000199;True;True
20089701000237;;
20192598000175;True;True
20253544000172;True;True
20268204000115;True;True
20387563000191;True;True
20405729000155;True;True
20430212000116;True;True
20459424001955;;
20498992000136;True;True
20519196000132;True;True
20584957000130;False;False
20645671000117;True;False
20706892000158;False;False
20928851000106;False;False
20934696000211;;
21122375000102;True;True
21127330000112;False;False
21242242000161;True;False
21373445000197;True;True
21382559000101;True;True
21452050000180;True;True
21477474000107;True;True
21513853000105;False;False
21565277000131;True;True
21570588000199;True;True
21579809000190;True;True
21661536000128;True;True
21668625000104;True;False
21751321000106;True;True
21758256000132;True;False
21767037000110;True;False
21777469000101;True;True
21821355000111;False;False
21921516000149;True;False
21951933000134;True;True
21971055000119;True;False
22065324000140;False;False
22082538000125;True;False
22083532000172;True;True
22089766000127;True;True
22203402000126;True;True
22305945000154;False;False
22327242000127;True;True
22417237000105;True;False
22424768000125;True;False
22547545000155;True;False
22780806000182;True;False
22797772000139;False;False
22847655000132;True;True
22938222000192;True;False
22997808000128;True;True
23013985000195;False;False
23025073000133;True;False
23098552000180;True;True
23204037000137;True;True
23211421000167;False;False
23217985000107;True;False
23261804000140;True;True
23305793000152;False;False
23375261000191;False;False
23402470000187;True;True
23435176000171;True;True
23480086000100;True;True
23500789000145;True;True
23537619000135;True;True
23558279000129;True;True
23614132000109;True;True
23617199000105;True;True
23700798000180;True;True
23778099000152;True;True
23873641000156;True;True
23923322000108;True;True
24002054000154;True;True
24040876000120;True;False
24196171000104;False;False
24264222000180;True;True
24265319000107;True;True
24315728000170;False;False
24329410000149;True;True
24364772000170;True;True
24454433000185;True;False
24495735000100;True;False
24611837000135;True;True
24661149000180;False;False
24682678000160;True;True
24696954000149;True;True
24725115000101;True;True
24857183000124;True;True
24881513000117;True;True
24888155000174;True;True
24910837000136;False;False
24933669000102;True;True
24963733000190;True;True
25019265000162;False;False
25106290000183;True;True
25122162000123;True;True
25188460000116;False;False
25289584000198;True;False
25340218000116;True;True
25353720000242;False;False
25847617000178;False;False
26122655000126;False;False
26152567000177;True;True
26229127000170;True;False
26290115000151;False;False
26295380000122;False;False
26338088000140;True;True
26367835000178;True;True
26388233000105;True;True
26411668000115;True;False
26435687000181;False;False
26512471000172;True;True
26517783000179;False;False
26546173000101;True;True
26594712000250;;
26621218000157;True;False
26661839000164;True;True
26665107000142;True;False
26688654000143;True;True
26705338000132;True;True
26706035000134;False;False
26724294000198;False;False
26759911000190;False;False
26792984000184;True;True
26976292000196;True;True
26989467000108;False;False
27027301000165;True;True
27056910200150;False;False
27058025000100;True;False
27059824000193;True;False
27146215000171;True;True
27219003000177;True;True
27284555000169;True;True
27391235000108;False;False
27404962000162;True;False
27415485000130;True;False
27479786000128;True;False
27610255000122;True;True
27686902000180;False;False
27690930000170;True;True
27712057000170;True;True
27790360000190;True;True
27798569000109;True;True
27848531000195;True;True
27959631000199;False;False
28019368000110;True;True
28024583000100;True;True
28110548000103;True;False
28169082000111;True;False
28211303000172;True;False
28216095000102;True;True
28224918000567;;
28272471000178;True;True
28286529000132;True;True
28299386000446;False;False
28305676000102;True;True
28407051000151;True;True
28425845000148;True;False
28436405000196;True;True
28509555000182;True;True
28631787000109;False;False
28648143000123;True;True
28659361000163;True;False
28671296000191;True;False
28689542000132;True;True
28743436000190;True;True
28774183000111;True;True
28817514000153;True;True
28818519000109;True;True
28828794000103;False;False
28906105000123;False;False
28955324000100;False;False
29021898000166;True;True
29024937000189;True;True
29056992000150;True;True
29080644000119;True;False
29153838000105;True;True
29242413000164;False;False
29242948000135;False;False
29252862000193;False;False
29302532000165;True;True
29324789000118;False;False
29383198000111;True;True
29409369000134;True;True
29456371000164;True;True
29652478000269;;
29665969000163;True;True
29669861000149;True;True
29744778653310;False;False
29747856000107;True;False
29751714000113;True;False
29775613000182;True;False
29789763000145;True;True
29800237000139;False;False
29818503000150;True;True
29849397000172;True;True
29904159000112;True;True
29905279000134;True;True
29911713000199;True;False
29932914000172;True;False
29942960000152;True;True
29955560000181;True;True
29997623000162;True;True
30003133000182;True;True
30051207000156;True;False
30178689000100;True;True
30183866000146;True;True
30201251000103;True;True
30262164000158;True;False
30266711000173;True;False
30267949000113;True;True
30339646000169;False;False
30365269000132;True;True
30438313000197;True;True
30474032000190;True;True
30703736000197;True;False
30721814000186;True;True
30752286000122;True;True
30765554000140;True;True
30769107000160;False;False
30800672000142;True;False
30831484000181;True;True
30854975000148;True;True
30887945000138;True;True
30907285000100;True;True
30963149000137;True;True
30968021000166;True;True
30987201000195;True;True
30991488000127;True;True
31021465000152;True;True
31026901000186;True;True
31066117000100;True;True
31103606000186;True;False
31151388000155;True;True
31158725000136;True;True
31170649000184;False;False
31188319000116;True;True
31260355000143;True;True
31359900000153;True;False
31373485000192;True;True
31376195000100;True;True
31404913000105;True;True
31447521000115;True;True
31450614000360;False;False
31466333000134;True;False
31517372000113;True;True
31522853000117;True;False
31667950000106;True;False
31677548000102;True;False
31744137000184;True;False
31762769000170;True;True
31787263000116;True;False
31815525003809;;
31816387000182;True;True
31832699000180;True;False
31843834000192;True;True
31886646000141;True;False
31914008000197;True;True
31920569000107;True;True
31929520000107;True;True
31989515000190;True;True
31994005000100;True;True
32011679000100;True;True
32017183000144;True;True
32038956000179;True;True
32096663000148;True;True
32143044000167;False;False
32151668000126;True;True
32206396000114;True;False
32237165000178;True;False
32356535000196;True;True
32378491000103;True;True
32456272000197;True;True
32540439000101;True;True
32560370000170;True;True
32567262000129;True;True
32575708000167;False;False
32622975000148;True;False
32637206000113;True;True
32673591000154;True;False
32689948000192;True;True
32784984000135;True;True
32814858000186;True;False
32834471000191;True;True
32851838000185;True;True
32871301000187;True;True
32872247000194;True;True
32935648000146;True;True
32961378000148;True;False
33009636000153;True;True
33056506000171;True;False
33056555000104;True;False
33139367000140;True;True
33151348000139;True;True
33171412000143;True;True
33192951000169;True;False
33216369000195;True;True
33258037000173;True;False
33269419000100;True;False
33301964000129;True;True
33308328000129;True;True
33321169000100;True;True
33398419000100;False;False
33489687000120;True;True
33551371000110;True;True
33592926000172;False;False
33730034000190;True;False
33769611000158;True;True
33842657000155;False;False
33845386000191;True;True
33891344000197;True;True
33900236000133;True;True
33951075000107;True;True
34033848000139;False;False
34082688000118;True;True
34088945000129;True;True
34094494000132;True;True
34193175000184;True;True
34211384000294;;
34263590000167;False;False
34328293000152;True;True
34359253000178;True;True
34399623000109;True;True
34435017000193;True;False
34439934000146;True;True
34441070000105;True;False
34527253000130;True;True
34631083000139;True;False
34659515000110;True;False
34690293000106;True;True
34696523000136;True;False
34719788000102;False;False
34765697000103;True;True
34784115000306;;
34790970000150;True;False
34802799000151;True;False
34829504000130;True;True
34834686000138;True;False
34840778000120;True;True
34868020000109;True;True
34869082000127;True;True
34873529000131;True;True
34882495000141;True;True
34882769000100;True;True
34900617000185;False;False
34922503000136;True;True
34938503000124;True;True
34944231000175;True;False
34953936000159;True;True
34991868000112;True;True
35020776000158;True;True
35078198000100;True;True
35087557000196;True;False
35114947000108;True;True
35136790000111;True;True
35142680000162;True;False
35158971000149;False;False
35197962000167;True;True
35205646000190;True;True
35285452000141;True;True
35297879000160;True;False
35304157000195;True;True
35335147000117;True;False
35368559000153;True;True
35382263000197;True;True
35478467000126;True;True
35547534000117;True;True
35634728000150;True;True
35657200000104;True;True
35682263000102;True;True
35684896000150;True;False
35725786000199;True;False
35785776000220;;
35809778000120;False;False
35830098000199;True;False
35852522000104;True;True
35917322000184;True;True
35941765000100;True;True
36023000000154;False;False
36043863000193;True;True
36058389000173;True;True
36072506000153;True;True
36079029000158;True;True
36087891000102;True;False
36088681000139;True;True
36126672000195;True;True
36132088000142;True;True
36139424000189;True;True
36233801000144;True;True
36240584000110;True;True
36250632000150;True;True
36252089000120;True;True
36260138000177;True;True
36283048000100;True;True
36303141000120;True;True
36321688000159;True;False
36326079000192;True;True
36352979000104;False;False
36353393000164;True;False
36366439000180;False;False
36399991000174;False;False
36480795000120;;
36482074000159;True;True
36519623000112;True;True
36524291000164;True;True
36530705000168;True;False
36536193000147;True;True
36561543000125;True;True
36581344000189;True;True
36594656000127;True;True
36692570000137;True;True
36699008000135;True;True
36721806000116;True;True
36722022000102;True;True
36722983000117;True;True
36724445000161;True;False
36739289000102;True;True
36745405000104;True;True
36759877000108;True;True
36797668000159;True;True
36799855000171;True;True
36815681000193;True;True
36833682000160;True;True
36932932000110;False;False
36945592000161;True;True
36958988000143;True;True
37020730000164;True;True
37022540000186;False;False
37029194000168;True;True
37045364000106;True;True
37049470000150;True;True
37064500000105;True;True
37121454000120;True;False
37143832000177;True;True
37151872000160;True;True
37168782000182;True;True
37169536000145;True;True
37170717000191;True;False
37232470000190;True;False
37248593000110;True;True
37315727000178;True;True
37323124000118;True;True
37329549000134;True;True
37336426000120;True;False
37435282000160;True;True
37437959000107;True;True
37446650000175;True;True
37532953000100;True;False
37535055000106;True;True
37542272000123;True;True
37585186000106;True;True
37625203000183;True;True
37633568000150;True;True
37735431000106;True;True
37745990000105;True;True
37783050000100;True;True
37821160000101;True;True
37858512000101;True;True
37872310000106;True;True
37878280000145;True;False
37880300000112;True;True
37886099000180;True;True
37905721000150;True;False
37953183000170;;
37964254000130;True;False
38093539000296;;
38162671000121;;
38181022000178;True;True
38203305000173;True;True
38325785000145;True;True
38358740000177;True;True
38406368000127;True;True
38413857000106;True;True
38427394000131;True;True
38432004000111;True;True
38456921000136;;
38485547000105;True;False
38539793000194;True;True
38634941000150;True;True
38650208000129;;
39143075000167;True;True
39149860000127;True;True
39226961000154;True;True
39227644000152;;
39264798000114;True;False
39272375000146;True;False
39282505000121;True;False
39387353000121;True;True
39388638000187;True;True
39404220000116;True;False
39405482000103;True;True
39429242000130;True;True
39432722000150;True;True
39485327000136;True;True
39556879000198;True;True
39607386000130;True;False
39622714000177;True;True
39629256000106;True;True
39658211000151;;
39659937000109;;
39670304000100;True;True
39673651000188;True;True
39703651000183;;
39755653000116;True;True
39784460000193;True;True
39863502000181;True;True
39872363000152;True;False
39880917000163;True;True
39896890000105;True;True
39912956000103;True;True
39923906000113;True;True
39938046000191;True;True
39952587000174;True;False
39991662000106;True;True
40036260000131;True;True
40038886000187;True;False
40052092000178;;
40052737000172;True;True
40054232000147;;
40068445000128;True;True
40212817000148;;
40245454000147;True;True
40289547000173;True;True
40341611000118;True;True
40360152000110;True;False
40503946000195;True;True
40518715000155;True;False
40537538000154;True;True
40539084000150;True;False
40634038000130;True;True
40635830000100;True;True
40645267000150;True;False
40651160000115;True;True
40722109000157;True;False
40722870000199;;
40727865000179;True;True
40746442000104;True;True
40824512000197;True;True
40832407000108;True;True
40836142000108;True;True
40854062000185;True;True
40928402000175;True;True
40983894000100;True;True
40991372000141;;
40995445000173;True;True
41006501000162;True;False
41014638000169;True;True
41027844000103;True;True
41034640000108;True;False
41085914000180;True;True
41102733000114;True;True
41115223000181;True;False
41182737000150;True;False
41208973000106;True;True
41216823000136;True;True
41221566000120;;
41222518000157;True;True
41234299000126;True;True
41254088000155;True;True
41267024000199;True;False
41273892000181;True;False
41308157000166;True;True
41330850000135;;
41385368000100;True;True
41421696000107;True;False
41448805000180;True;True
41465569000100;True;False
41470492000166;True;True
41483292000148;True;True
41485553000169;True;True
41490000000102;True;True
41490223000161;True;False
41496835000161;True;True
41500584000141;True;True
41512952000171;;
41519494000100;True;False
41542138000108;False;False
41543343000180;True;False
41546835000129;True;True
41583521000104;True;False
41606197000194;True;False
41680314000160;True;True
41727701000104;True;True
41728501000176;True;True
41748995000150;;
41826110000194;True;True
41847496000110;True;True
41854055000146;True;True
41971592000176;True;True
41976114000159;True;True
42016928000104;;
42035474000119;True;False
42045676000141;True;False
42059723000106;True;True
42060752000198;True;True
42066995000133;True;True
42084076000192;True;True
42110034000189;True;True
42120111000181;True;True
42132497000141;True;True
42158820000156;True;False
42164826000136;True;True
42165409000108;True;True
42178783000148;True;False
42230777000192;True;True
42277603000185;True;True
42300116000196;True;True
42307121000120;True;True
42308435000148;True;True
42334528000147;True;True
42339480000160;True;True
42343589000170;True;True
42348293000142;True;True
42354707000146;True;True
42390274000184;;
42404737000110;True;True
42459632000168;True;True
42489459000140;True;False
42491824000151;True;True
42519668000190;True;True
42615362000137;True;True
42620429000121;True;False
42669240000123;True;True
42676480000155;True;True
42737438000105;True;True
42761606000190;True;True
42809196000100;True;False
42838204000146;True;True
42910787000179;True;True
42927027000174;True;True
42962687000196;True;True
43021701000110;True;False
43023788000164;True;True
43040467000178;True;True
43061205000190;True;True
43104981000120;True;True
43199170000150;True;False
43205217000140;True;True
43210174000191;True;True
43253044000136;True;True
43285839000126;True;True
43333298000164;True;True
43370527000110;True;False
43371243000149;True;True
43509279000146;True;False
43549407000185;True;True
43563720000178;True;True
43591508000114;True;True
43676748000111;True;True
43682675000170;True;True
43694853000183;True;True
43714669000158;True;True
43776517071443;False;False
43786442000118;True;True
43805756000110;True;True
43814122000124;True;True
43844663000103;True;True
43858177000136;;
43898694000139;True;True
43928820000150;True;True
43934803000126;True;False
43938215000160;True;True
43951227000800;False;False
43980602000165;True;True
43989933000166;True;True
44012943000100;True;True
44022113000163;True;True
44064793000188;True;True
44066015000128;True;True
44080286000138;True;True
44087343000100;True;True
44129594000100;True;True
44194030000151;True;True
44223657000193;True;True
44225264000119;True;False
44225496000177;True;False
44233333000136;True;True
44250930000179;True;True
44266084000185;True;True
44279533000120;True;True
44328285000160;True;True
44422300000134;;
44426191000123;True;True
44430032000100;True;True
44442014000130;True;True
44442925000168;True;True
44446448000109;True;True
44487963000137;True;True
44492212000109;True;True
44492321000126;True;True
44553108000187;True;False
44590873000177;True;True
44598451000148;True;False
44604556000162;True;True
44611056000158;;
44632013000159;True;True
44645805000168;True;True
44647911000180;;
44648474000110;True;False
44666265000107;True;True
44675397000197;True;True
44686238000198;True;True
44699538000101;True;True
44699543000114;True;True
44712094000105;True;True
44736164000157;True;True
44752755000118;True;True
44767943000110;True;True
44769096000122;True;False
44805717000186;True;True
44806327000120;True;True
44816327000101;True;True
44825927000136;True;True
44866111000150;True;True
44890626000196;True;False
44900589000150;True;True
44941801000127;True;True
44948087000107;True;True
44965446000126;True;True
44997699000181;True;True
45058875000182;True;True
45067737000160;True;True
45081418000109;True;True
45087768000182;True;True
45094991000157;True;True
45124110000101;True;True
45124663000156;True;True
45176671000146;True;True
45191261000174;True;True
45242914000105;False;False
45259130000181;True;True
45305779000191;True;True
45335450000173;True;True
45337918000169;True;True
45347578000157;True;True
45350780000138;True;True
45357021000105;True;True
45371955000193;True;True
45389161000157;True;True
45403626000187;True;True
45424743000127;;
45426588000188;True;False
45453118000103;True;True
45453214000151;False;False
45475483000119;True;True
45526920000186;True;False
45537135000129;True;True
45543915040485;False;False
45570020000136;True;True
45587437000101;True;False
45605553000106;True;True
45623198000106;True;False
45630666000161;True;True
45649375000115;True;True
45665169000107;True;True
45669339000113;True;True
45676547000140;True;True
45734586000156;;
45783556000130;True;False
45829802000147;True;True
45843139000135;True;True
45862662000109;True;False
45891377000116;True;True
45934274000196;True;True
45962942000199;True;True
45980055000143;True;False
46022436000182;True;True
46055322000139;True;False
46055382000151;True;True
46063117000115;True;False
46068895000105;True;True
46078103000175;True;True
46129431000153;True;True
46140788000132;True;True
46144871000180;True;True
46160633000168;True;True
46161512000130;True;True
46171240000150;True;True
46182265000159;True;True
46189857000100;;
46225799000115;True;True
46261630000110;True;True
46303659000118;True;True
46319955000107;True;True
46324995000147;True;True
46327690000199;True;True
46334693000150;True;True
46371660000180;True;True
46451424000173;True;True
46476922000170;True;True
46504294000190;True;True
46511282000192;True;True
46560807000180;True;True
46574238000121;True;False
46598978000106;True;True
46614536000106;True;True
46676259000158;True;True
46685291000108;True;True
46729085000144;True;True
46740563000117;True;False
46800170000151;True;True
46810052000124;True;True
46861164000104;;
46870339000140;True;True
46874610000115;True;True
46886298000180;True;False
46888415000144;True;False
46911405000182;True;True
46938224000140;True;True
46947038000177;;
46951818000190;True;True
46957119000158;True;False
46963102000103;True;False
46983998000192;True;True
47008405000130;True;True
47036077000185;True;False
47038101000115;True;False
47040087000194;True;True
47138618000186;True;True
47199680000188;True;False
47207508000129;True;True
47217745000170;True;True
47237138000172;True;True
47247527000189;True;True
47268742000166;True;False
47283871000123;True;True
47295919000113;True;True
47317097000124;True;True
47323330000181;True;True
47326325000122;True;True
47341436000108;;
47370815000126;True;True
47432916000184;True;False
47466813000135;True;True
47468009000195;True;True
47510583000164;;
47524832000170;True;True
47564563000176;True;True
47573114000194;;
47603483000182;True;True
47616375000144;True;True
47617114000149;True;True
47651140000193;True;True
47662059000109;True;True
47667021000129;True;True
47687927000105;True;True
47692708000114;True;True
47731181000190;True;True
47736804000117;True;True
47741216000171;True;True
47743439000178;True;True
47795829000191;;
47795882000192;True;True
47889956000150;True;True
47953978000131;;
47976155000121;;
48014944000144;;
48017184000129;;
48032303000112;;
48055061000182;;
48065089000109;;
48094386000174;;
48101600000172;;
48111955000142;;
48116220000101;;
48159109000100;;
48177998000120;;
48182050000163;;
48191673000100;;
48193653000160;;
48207770000136;;
48211126000131;;
48289058000123;;
48292779000192;;
48292949000139;;
48295033000132;;
48313064000179;;
48337250000148;;
48347896000106;;
48367873000163;;
48373642000162;;
49213747012638;False;False
49669856000143;False;False
49769920000168;False;False
51218147000193;False;False
51642270000137;False;False
52061207006615;False;False
54855135000168;True;False
55062780004930;False;False
56782386000195;True;False
59717553000102;False;False
60398369000479;False;False
60651809000105;False;False
60770336000165;False;False
61022042000118;False;False
61186680000174;False;False
61409892000173;False;False
61584140000149;False;False
62299664000150;False;False
62755004000137;False;False
65518672000139;True;False
68644665000171;False;False
71476527000135;False;False
72049893000170;False;False
73461311000121;True;False
75315333000109;False;False
75358945000189;False;False
79445367000179;True;False
80169337000166;False;False
80196546000107;False;False
82640558000104;False;False
85786705000139;False;False
87816351000153;False;False
89837066000225;False;False
91669747000192;False;False
91990606000177;False;False
92278233000179;True;False
92664937000180;False;False
92665611000177;False;False
93533578000780;False;False
94174190000107;True;False
96295654000592;;
96480132000137;False;False
97526552000170;False;False
97541738000106;False;False
35300;False;False
21055000269;;
21803000203;False;False
70698000111;False;False
116845000147;False;False
511505000110;False;False
573373000151;True;False
622309000113;False;False
622416000141;False;False
687544000505;;
774872000107;False;False
945803000119;True;False
984317000100;True;True
1003694000183;False;False
1027058000191;False;False
1064094000206;False;False
1091999000194;True;False
1165426000249;True;False
1264859000170;True;False
1374745000183;True;False
1393994000116;False;False
1409043000279;;
1512926000129;False;False
1548981000179;False;False
1581510000162;False;False
1716129000163;False;False
1867792000320;False;False
1923472000189;False;False
1924876000197;False;False
1933064000108;False;False
2162616000194;False;False
2193750000152;False;False
2220190000188;True;False
2234584000195;False;False
2343608000144;False;False
2435159000164;True;False
2462250000179;False;False
2471963000107;True;False
2565439000197;False;False
2794356000170;False;False
2845496000120;True;True
2860694000162;False;False
3093981000157;True;False
3159879000107;False;False
3186534000142;False;False
3228378000135;False;False
3244471000133;False;False
3329957000174;True;False
3384517000110;True;False
3512292000130;False;False
3703773000122;False;False
3710817000222;False;False
3893350001275;;
3925669000182;False;False
3983431000103;False;False
4136938000275;;
4246204000168;False;False
4337607000112;False;False
4557338000108;False;False
4620479000110;False;False
4633789000179;True;False
4659543000176;False;False
4692120000158;True;False
4827322000160;False;False
4849526000100;False;False
4853601000106;False;False
4895728000180;False;False
4922101000170;False;False
4943782000153;True;False
5008647000183;True;False
5021030000106;False;False
5039977000217;False;False
5074056000104;True;False
5075012000107;False;False
5233326000182;False;False
5340380000127;False;False
5386026000133;False;False
5422615000120;False;False
5489410001990;False;False
5511966000107;True;False
5562939000325;False;False
5574910000282;False;False
5685711000160;False;False
5727788000156;True;False
5799312000120;False;False
5925830000143;True;False
6150090000183;False;False
6183687000124;True;False
6351578000179;True;False
6353786000107;False;False
6895257000305;;
6911965000112;True;False
7049373000104;False;False
7191731000100;False;False
7415333000120;False;False
7526557000100;False;False
7542373000133;False;False
7576502000104;True;False
7649307000167;False;False
7764776000127;False;False
7784953000137;True;False
7801839000178;False;False
7882930000165;False;False
7888279000130;True;False
7980817000112;True;False
7999472000149;False;False
8047505000385;False;False
8062676000111;False;False
8153765000173;False;False
8158224000138;False;False
8217781000182;True;False
8262838000165;False;False
8272476000193;True;False
8292909000253;False;False
8332785004280;False;False
8373159000163;False;False
8375640000198;False;False
8476119000147;False;False
8495471000120;True;False
8498927000296;False;False
8502613000139;False;False
8527342000176;False;False
8561046000191;False;False
8591625000349;False;False
8616659000189;False;False
8716285000173;True;False
8741600000112;True;False
8772578000178;False;False
8776010000125;False;False
8840914000172;True;False
8847372000160;True;False
8847797000179;False;False
9097124000101;True;False
9146860000102;False;False
9179432000186;True;False
9220921000487;False;False
9235509000198;True;False
9243792000108;False;False
9356027000510;;
9425047000171;False;False
9507850000155;False;False
9596603000172;False;False
9626890000116;True;False
9631882000168;False;False
9635175000140;True;False
9646385000133;False;False
9657251000118;False;False
10080125000203;False;False
10082410000182;False;False
10247527000179;True;False
10289136000117;False;False
10327303000177;False;False
10351812000135;True;False
10546105000102;False;False
10614820000127;False;False
10698955000118;True;False
10732146000185;True;False
10810961000115;True;False
10833420000102;True;False
10838942000105;False;False
10851805000100;False;False
10853047000151;False;False
11042067000105;True;False
11071264000152;True;False
11091418000259;False;False
11107424000176;False;False
11175226000573;False;False
11200988000159;True;False
11292079000198;True;False
11374649000199;True;True
11379987000113;True;False
11398910000190;True;True
11435304000106;False;False
11437603000171;True;False
11601872000121;False;False
11631953000174;True;True
11634371000141;True;False
11674715000146;True;False
11694865000111;False;False
11725176000127;False;False
11759047000150;True;False
11819962000193;True;False
11970325000113;True;False
12056060000105;False;False
12074575000138;True;False
12091423000143;False;False
12196257000140;True;False
12460773000130;True;True
12576366000192;True;False
12600625000173;True;False
12660752000168;True;True
12695343000105;True;True
12698021000101;True;True
12788260000152;True;True
12796254000147;True;True
12905033000160;False;False
12971838000101;True;False
13052795000123;True;True
13150549000104;True;True
13243766000149;False;False
13256700000193;True;False
13269819000109;True;False
13433564000160;True;False
13456862000175;True;True
13558592000103;False;False
13666599000149;False;False
13788120000147;False;False
13862494000165;True;False
13891560000125;False;False
13915587000100;True;True
14054226000180;True;True
14067935000108;False;False
14089128000188;True;True
14129969000171;False;False
14172467000123;True;False
14192913000161;False;False
14214452000180;True;True
14278122000159;False;False
14320433000139;True;False
14321585000156;True;True
14328217000130;True;True
14467606000146;False;False
14540738000156;False;False
14738059000196;True;True
14797712000198;False;False
14819374000148;True;False
14968471000100;True;False
14997510000190;True;True
15089836000262;;
15098556000130;False;False
15105258000120;True;True
15148242000102;False;False
15174539000134;True;True
15177286000152;True;True
15211135000173;True;False
15339076000113;True;True
15379224000123;False;False
15431781000146;True;False
15444746000161;True;True
15464404000103;True;False
15470921000195;True;True
15472389000145;False;False
15477216000110;True;True
15495136000197;True;False
15503596000110;True;False
15552047000135;True;True
15641692000124;False;False
15688469000132;True;False
15706463000140;True;True
15738146000106;True;True
15912562000189;False;False
16492055000104;True;True
16506787000106;True;True
16507040000164;True;False
16528927000139;True;False
16660893000131;True;False
16676520000159;False;False
16716209000196;True;True
16751914000124;False;False
16804093000147;True;True
16865358000117;True;False
17065927000102;True;False
17090070000180;True;False
17106883000111;True;True
17123467000202;False;False
17184037000110;False;False
17205553000183;True;True
17264510000179;True;False
17359233001907;;
17426103000110;True;False
17520892000154;True;True
17535351000108;True;True
17565092000150;True;True
17828886000169;True;True
18023537000132;True;True
18025859000110;True;True
18084140000150;False;False
18171963000113;True;True
18432771000113;False;False
18473168000180;False;False
18521969000173;False;False
18587106000107;True;False
18615280000108;True;True
18621723000173;True;True
18627532000119;True;True
18772098000160;True;True
18812538000166;True;False
18840954000178;True;False
19086063000130;True;True
19099222000131;False;False
19140718000101;True;True
19157709000123;True;False
19228433000127;True;False
19299931000160;True;True
19331747000150;True;False
19347410000212;False;False
19368927001774;False;False
19634769000190;True;True
19709101000164;True;False
19730744000190;True;False
19752002000165;True;True
19782301000142;True;False
19792783000111;True;False
19810095000137;True;True
19863496000155;True;False
19930245000146;True;True
19948594000195;True;True
20018807000169;True;False
20097109000104;True;True
20108705000134;True;True
20321475000197;True;False
20435016000134;True;True
20499191000195;False;False
20535862000126;True;True
20673074000104;True;True
20853168000157;True;False
20945874000129;True;True
20952347000141;False;False
20972252000190;True;True
20972529000184;False;False
21030621000198;True;True
21165344000120;False;False
21173442000100;True;False
21269398000136;True;False
21314559000166;False;False
21351095000168;True;False
21405264000103;True;True
21467988000173;True;False
21475851000160;True;True
21523500000188;True;False
21557877000158;True;False
21597936000111;True;False
21661698000166;True;True
21680241000107;False;False
21689460000149;True;True
21734029000177;True;True
21764088000198;True;False
21833752000103;True;False
21859542000194;True;False
21894600000110;True;True
21897603000108;True;True
21996895000136;True;False
21999566000149;True;False
22021327000182;True;True
22033011000100;True;True
22108269000129;True;True
22109756000106;False;False
22152804000149;True;True
22291741000101;True;True
22314866000100;False;False
22346072000128;True;True
22563204000173;True;False
22593612000178;True;True
22608655000180;False;False
22618556000189;True;True
22629102000103;True;True
22751408000138;False;False
22762521000208;;
22951281000109;True;True
22953036000122;True;True
23014356000180;False;False
23142307000122;True;True
23310330000189;True;False
23372960000188;False;False
23411164000107;True;True
23430272000127;True;True
23446673000175;True;False
23505072000196;False;False
23505819000106;True;False
23510483000170;True;True
23602992000122;True;True
23658927000119;True;True
23659817000171;False;False
23743834000192;True;False
23773481000173;True;False
23835211000140;False;False
23855255000131;True;True
23855972000163;False;False
23906071000153;True;True
23933926000135;True;True
23935008000145;True;False
24015851000176;True;False
24060549000130;True;True
24061909000207;;
24074547000108;True;True
24076624000150;True;True
24163862000101;False;False
24222235000196;True;True
24242549000150;False;False
24260759000171;True;True
24326014000168;True;False
24350499000125;True;True
24356810000143;True;True
24473310000191;True;False
24503006000140;True;False
24574718000150;True;True
24674395000176;True;True
24713438000185;True;True
24761885000100;True;True
24844017000193;False;False
24893411000111;False;False
24898647000140;True;True
24917983000193;True;False
24933760000110;True;True
24962466000136;False;False
24965374000100;True;True
25059727000175;True;True
25130981000112;True;True
25192310000186;True;True
25239514000125;True;True
25268409000114;True;True
25296303000124;True;True
25312099000198;True;True
25321902000150;True;False
25325110000154;True;True
25370394000109;True;False
25682074000186;True;True
25967202000138;True;True
25975104000142;True;True
26009842000106;True;True
26038426000128;True;False
26052108000111;True;False
26148651000117;True;True
26201161000137;False;False
26228534000163;True;True
26258102000103;True;False
26309980000100;True;False
26366744000118;True;False
26380550000762;False;False
26394489000117;True;False
26425147000117;True;True
26438031000112;True;False
26469033000179;True;True
26505661000162;False;False
26506106000155;True;True
26594320000100;True;False
26606850000121;True;False
26613099000190;False;False
26634430000159;True;False
26662230000100;True;True
26764458000100;True;False
26796616000104;True;True
26801344000193;True;True
26813798000184;False;False
26949003000160;True;True
26991579000195;True;True
26995532000108;True;False
27004759000107;True;True
27064421000132;True;True
27072912000125;True;True
27088161000135;True;True
27122516000165;True;False
27204540000143;True;True
27212352000167;False;False
27227630000150;True;True
27232185000116;True;False
27232872000131;True;False
27266512000150;True;True
27289860000143;True;False
27358810000170;False;False
27388678000140;True;True
27411326000168;True;False
27472173000169;True;True
27523461000103;True;False
27548807000110;False;False
27562695000151;False;False
27626675000105;True;True
27651867000163;True;True
27669968000161;True;True
27700885000198;True;True
27759666000184;True;True
27800573000156;True;True
27806116000179;True;False
27830772000107;True;False
27834371000125;True;True
27844217000134;True;True
27847836000182;True;True
27865605000100;False;False
27892562000143;True;True
27893702000106;True;True
27899096000128;True;True
27906636000153;True;False
27934848000144;True;True
27954598000104;True;True
28054660000174;True;False
28076428000137;False;False
28126754000101;True;True
28127603000178;False;False
28132520000177;True;False
28177341000156;True;True
28195667000106;False;False
28305792000121;True;True
28310172000180;True;False
28332110000170;True;False
28352387000164;True;False
28407086000190;True;False
28446215000150;True;False
28447401000103;True;True
28462140000109;True;True
28495339000125;True;False
28548896000167;True;True
28567390000103;True;True
28599734000158;True;True
28653969000180;True;True
28670600000186;True;False
28688811000146;True;False
28741612000154;True;True
28768518000199;True;True
28887852000161;True;False
28904127000154;True;True
28979948000150;True;True
29007744000110;False;False
29020415000109;True;True
29036448000147;True;True
29050321000182;True;True
29099578000129;True;True
29141136000101;True;False
29151956000176;True;False
29171414000165;True;True
29173841000182;True;True
29214943000107;False;False
29289379000183;True;True
29339358000125;True;True
29433567000133;True;False
29505550000144;True;True
29512595000146;True;True
29526410000152;True;True
29575310000116;True;True
29588427000134;True;True
29655869000156;True;False
29679095000101;False;False
29707913000124;False;False
29737612000143;True;True
29744778114796;False;False
29747616000102;True;True
29811971000101;True;True
29857325000177;True;True
29865213000168;False;False
29870190000180;True;True
29928160000187;True;False
29929249000168;True;True
29967816000170;False;False
29980292000158;True;False
30039587000103;True;True
30111664000199;False;False
30179461000134;True;False
30195180000175;True;True
30234046000136;True;False
30325596000160;True;True
30366345000124;False;False
30411062000157;True;True
30434263000170;False;False
30438977000156;True;False
30460129000143;True;True
30477361000275;False;False
30497905000180;True;True
30571981000198;False;False
30588460000143;True;True
30590471000168;True;False
30618012000145;True;False
30673316000105;True;True
30677271000147;True;True
30679037000159;True;False
30827291000157;True;True
30858132000110;True;False
30877691000177;True;True
30902803252681;False;False
30915834000198;False;False
30937410000124;True;True
30988255000175;True;False
31003153000116;True;False
31064412000119;False;False
31144608000113;True;False
31172118000120;True;False
31260506000163;True;False
31270522000137;True;True
31292824000106;True;False
31316605000110;True;False
31337070000163;True;True
31366338000195;True;False
31408280000103;True;True
31409401000123;True;True
31445249001700;;
31545723000108;False;False
31623350000138;True;True
31676886000111;True;False
31710872000177;True;True
31812022000180;True;True
31854200000135;True;False
31864922000170;True;True
31955013000148;True;True
31958830000150;True;False
32039537000151;True;False
32075854000123;True;True
32233067000162;True;False
32288956000127;True;False
32304489000181;True;False
32315026000115;False;False
32338795000139;True;True
32421067000196;True;True
32450125000100;True;True
32467997000180;True;False
32471155000100;True;False
32481469000186;True;False
32487815000133;True;True
32525150000105;False;False
32547118000120;True;False
32556179000154;True;True
32570942000100;True;True
32573234000114;True;True
32613125000183;True;True
32637236000120;True;True
32704820000150;True;True
32853182000130;True;True
32978723000156;True;True
32988783000150;True;True
32995097000106;True;True
32999695000153;False;False
33024059000179;True;True
33036530000149;True;True
33102182000160;True;True
33124243000190;True;True
33124341000128;True;False
33173796000133;True;True
33183790000147;True;True
33205639000162;True;True
33223682000150;True;True
33233205000176;True;True
33319969000189;True;True
33359521000199;True;True
33362000000190;True;False
33365823000170;True;True
33394988000170;True;False
33423737000176;True;True
33521973000125;True;False
33554633000109;True;True
33723490000103;True;True
33777722000106;True;True
33851372000180;True;True
33861727000112;True;True
33873345000109;True;True
33924974000110;True;True
33958202000108;True;True
34027231000100;True;True
34028316324278;False;False
34038904000128;False;False
34053826000130;True;True
34083757000108;True;True
34097240000178;True;True
34168305000129;True;True
34193745000136;True;True
34224393000139;False;False
34299496000168;True;True
34313910000146;True;True
34338222000130;True;False
34342851000134;True;True
34376363000148;True;True
34405585000141;True;True
34445873000120;True;True
34472672000111;True;True
34553579000131;True;True
34566805000119;True;True
34634690000152;True;True
34653122000107;True;True
34704666000142;True;False
34719242000151;False;False
34735148000196;True;True
34735412000191;False;False
34776726000132;True;True
34823217000113;True;True
34858568000160;True;False
34933528000135;True;True
34951974000172;False;False
35028352000130;True;False
35057862000135;True;True
35061260000151;True;True
35065510000121;True;True
35100043000123;True;True
35169342000114;True;True
35177494000169;True;True
35183496000160;True;True
35219315000109;True;True
35223720000109;True;True
35248215000100;True;True
35292506000104;True;True
35298130000137;True;True
35321548000118;True;True
35405120000153;True;True
35432790000169;True;True
35438424000117;True;True
35473661000119;True;True
35510824000196;False;False
35520460000125;True;False
35547713000154;True;True
35558536000101;True;False
35584527000195;False;False
35611398000187;True;True
35625289000119;True;True
35647268000102;True;True
35669972000158;True;True
35678585000188;True;True
35702937000193;True;False
35703286000156;True;True
35753348000134;True;True
35798639000149;True;False
35869738000174;True;True
35976104000110;True;True
35987533000193;True;True
35993320000174;True;True
35994036000112;True;True
35995960000113;True;True
36008924000181;True;True
36043133000192;True;True
36048137000163;True;True
36079708000127;True;True
36212098000198;True;True
36232103000124;True;True
36233767000108;True;True
36259461000120;True;True
36262192000151;False;False
36299621000165;True;True
36304930000186;True;True
36335047000153;True;True
36343065000187;True;False
36437632000164;True;True
36457412000100;True;True
36468232000116;True;True
36534952000132;True;True
36552111000158;True;True
36570592000124;True;True
36579392000132;True;True
36586321000167;True;True
36595489000139;True;True
36687670000175;True;True
36691910000105;True;True
36715363000150;False;False
36730920000102;True;True
36733165000110;True;True
36735968000103;True;False
36807862000178;True;True
36812912000105;True;False
36898255000160;True;True
36939542000171;True;True
36954975000104;True;True
37008468000132;True;True
37033574000176;True;True
37043707000195;True;True
37069582000172;True;False
37175332000117;True;False
37179445000190;True;True
37240312000182;True;True
37343805000148;True;True
37344340000140;True;True
37430623000104;True;True
37463001000182;True;True
37482634000138;True;True
37521132000179;True;True
37611255000109;True;True
37612862000185;True;True
37625338000149;True;True
37644538000149;True;True
37651567000138;True;True
37708943000183;True;False
37710227000130;True;True
37714394000150;True;True
37745963000124;True;False
37797928000159;True;False
37814769000153;True;True
37848414000185;True;True
37866359000156;True;True
37910439000161;True;True
37923393000115;True;True
37937921000195;True;True
37962769000109;True;True
37980499000150;True;False
38006197000149;True;False
38062567000165;True;True
38072574000148;True;True
38095411000180;True;True
38115835000160;True;True
38123034000146;True;True
38127451000167;True;True
38133927000172;True;True
38158613000124;True;True
38159381000129;True;True
38229447000100;True;False
38239648000198;True;True
38276199000158;True;True
38281934000111;True;True
38311923000137;True;False
38370541000184;True;True
38374581000102;True;True
38375587000196;True;True
38419952000117;True;False
38448095000183;True;True
38449254000164;True;True
38458608000137;;
38481501000100;True;False
38542139000130;True;True
38583750000106;True;False
38655561000100;True;True
38729077000170;True;False
38891092000110;True;True
38926831000161;True;True
39143496000198;True;True
39235153000153;True;True
39247932000179;True;True
39287166000176;True;True
39346861045181;False;False
39404266000135;True;True
39430615000193;True;False
39450656000141;True;True
39513365000155;True;True
39601318000163;True;True
39620337000137;True;True
39626786000192;True;True
39664690000119;True;True
39669092000132;True;True
39683328000195;True;True
39706027000130;True;False
39713802000184;False;False
39733455000151;True;True
39752710000103;True;False
39767085000173;True;True
39829026000182;True;True
39901641000152;True;True
39910891000159;True;False
39923469000138;True;True
39927095000129;True;True
39961497000140;True;True
39961962000142;True;True
40081185000120;True;False
40092874000130;True;False
40098039000108;True;True
40099807000148;True;True
40106156000176;True;True
40159977000170;True;True
40174332000107;True;True
40187583000126;True;True
40189850000102;;
40193985000133;True;True
40216784000104;True;False
40246037000119;True;True
40250864000186;True;True
40256491000150;True;True
40280010000142;True;True
40282244000129;True;True
40364031000146;True;True
40364963000199;True;True
40389527000174;True;True
40407810000181;True;True
40435311000106;True;True
40457391000192;True;True
40481783000197;True;True
40505533000140;;
40507649000118;True;True
40511351000181;True;True
40538067000107;True;True
40551086000165;True;True
40560064000161;True;True
40566282000103;True;True
40590295000118;True;True
40623256000170;True;True
40658745000167;True;True
40687829000129;True;True
40704374000102;;
40728066000117;True;True
40738914000179;True;True
40783339000126;True;True
40788947000123;;
40803261000164;True;False
40855961000100;True;True
40869152000140;True;False
40878535000184;True;True
40884405000154;False;False
40936463000184;True;True
40948763000183;True;True
40997390000130;True;True
41016752000128;True;False
41034195000178;True;True
41042503000107;True;True
41043321000150;True;True
41068294000170;True;True
41089840000150;False;False
41091284000156;True;False
41098835000103;True;True
41117072000109;True;True
41146102000105;True;True
41164504000124;True;False
41219963000168;True;False
41222182000122;True;True
41228557000161;True;True
41247646000155;True;False
41307063000172;True;True
41346698000189;True;False
41347506000159;True;False
41359640000170;True;True
41377373000163;True;True
41379537000191;True;True
41416197000121;True;True
41419198000120;True;True
41441017000161;True;True
41459539000190;True;True
41466055000179;True;True
41467603000185;True;True
41517260000116;True;True
41562355000151;True;True
41570598000131;True;False
41607594000180;True;True
41630581000122;True;True
41643128000150;True;False
41731122000135;True;True
41743141000181;True;False
41781310000178;True;True
41797782000119;True;True
41809608000149;True;False
41809783000136;True;True
41813878000123;True;True
41825415000181;True;False
41838619000157;True;True
41851508000180;True;True
41866042000197;;
41894327000131;True;True
41947595000174;;
42010062000124;True;False
42016914000190;True;False
42042648000170;True;False
42085329000142;True;True
42102748000145;True;True
42103222000180;True;True
42108752000110;True;True
42151689000103;True;False
42155088000160;True;True
42156909000183;True;True
42210620000103;True;True
42239519000177;True;True
42247192000185;True;False
42247244000113;True;True
42257281000102;True;True
42278473000103;False;False
42381838000112;True;True
42400639000104;;
42402525000101;True;True
42425506000192;True;True
42441219000176;True;False
42453676000180;True;True
42468885000106;True;False
42494990000101;;
42497425000106;True;True
42526107000118;True;True
42553893000142;True;True
42557782000104;True;True
42562755000120;True;True
42613730000108;True;True
42623634000140;True;True
42671243000100;True;True
42680821000166;True;True
42686026000185;True;True
42700751000160;True;True
42714035000132;True;True
42725871000112;True;True
42736774000125;True;True
42755283000121;True;False
42772034000144;;
42774171000118;True;True
42789063000119;;
42794919000144;True;False
42808429000150;True;True
42855279000135;;
42857624000170;True;True
42876816000123;True;True
42911266000136;True;True
42937526000142;True;True
42937543000180;True;False
42962629000162;True;False
42968745000199;True;False
42989224000118;True;True
43028436000100;True;False
43063687000117;True;True
43063706000105;True;True
43080342000171;True;False
43108290000102;True;True
43113790000124;True;False
43145493000160;True;True
43149267000158;True;False
43163023000120;True;True
43166356000102;True;True
43189578000140;True;False
43190362000286;False;False
43220329000170;True;True
43249268000174;True;True
43253221000184;True;True
43260901000125;True;False
43274908000104;;
43339121000175;True;True
43339484000100;True;False
43355906000131;True;False
43363831000130;True;True
43375842000130;True;True
43430984000153;True;True
43494606000133;True;True
43501295000273;False;False
43517045000140;True;True
43520869000170;True;True
43523499000124;True;True
43545381000105;True;True
43624880000180;True;True
43653118000121;True;True
43697365000120;True;False
43714788000100;True;True
43769971000103;True;True
43780561000163;True;True
43794830000140;;
43832075000141;True;True
43837835000103;True;True
43843574000134;True;True
43888218000137;True;True
43907952000104;True;True
43925949000105;True;True
43957527000111;True;True
43974495000162;True;True
43986346000113;True;False
43997382000182;;
44021881000100;True;True
44035435000147;True;True
44056846000119;True;True
44104638000148;True;True
44128771000134;True;True
44172406000127;;
44180598000113;True;False
44191669000183;True;True
44219290000134;True;True
44224226000141;True;True
44258197000139;True;True
44271967000183;True;True
44273060000153;True;True
44277565000196;True;True
44287502000110;True;False
44301007000119;True;True
44324687000196;True;True
44355744000102;True;False
44381917000159;True;True
44410976000108;;
44455759000134;True;False
44458120000102;;
44479428000134;True;True
44492430000143;True;True
44502112000116;True;False
44518565000130;True;True
44549235000102;True;True
44554158000189;True;True
44590649000185;True;True
44593660000107;True;False
44608252000173;True;False
44620743000130;True;True
44628951000185;True;True
44639044000131;True;True
44641676000130;True;True
44660476000124;True;False
44662643000176;;
44668901000121;True;True
44671974000172;True;True
44681216000135;True;False
44690033000186;True;True
44752572000100;True;True
44756623000164;True;True
44768188000198;True;True
44788023000188;True;True
44790991000129;True;True
44809560000167;True;True
44823181000121;True;True
44829049000127;True;True
44830724000138;True;True
44840637000161;True;False
44842360000106;True;False
44868799000108;True;True
44873690000169;True;True
44878779000118;True;True
44924484000130;True;False
44946930000108;True;True
44956488000109;True;False
45008269000152;True;True
45063561000178;;
45066005000155;True;True
45092422000172;True;True
45095298000107;True;True
45107047000197;True;True
45122006000170;True;True
45178623000197;True;True
45222227000110;True;True
45225390000136;True;True
45227657000124;True;True
45260746000172;True;False
45270917000144;True;True
45273148000138;True;True
45281089000140;True;True
45357881000130;True;True
45369223000169;True;True
45420709000184;True;True
45430613000105;True;True
45465264000159;True;True
45498139000145;True;False
45536043000124;True;True
45549387000178;True;True
45551329000189;True;True
45598275000107;True;True
45613814000130;True;False
45620915000138;True;False
45625005000148;True;True
45628784000135;True;True
45632222000165;True;True
45718547000165;True;True
45738585000180;True;True
45747259000139;True;False
45792075000190;True;True
45802703000171;True;False
45804066000172;True;True
45819546000107;True;False
45834547000120;True;True
45839509000160;True;True
45913919000104;True;False
45924426000170;True;False
45948321000150;True;True
45979724000167;True;True
45983809000119;True;True
45987245000192;False;False
46022807000126;True;True
46040594000165;True;False
46056913000120;True;True
46068736000100;True;True
46075285000120;True;False
46161622000100;;
46170644000129;True;True
46191245000144;True;True
46220107000146;True;True
46230802000199;True;True
46234067000191;True;True
46250946000107;True;False
46309380000141;True;True
46314177000163;True;True
46319969000120;True;True
46327430000113;True;True
46327970000105;True;False
46336179000153;True;True
46355340000136;True;False
46363556000143;True;True
46366873000113;True;True
46369843000160;True;True
46397220000878;;
46404305000160;True;True
46470163000139;True;True
46473593000104;True;True
46495645000143;True;True
46502587000138;True;True
46518446000103;True;True
46527486000111;True;False
46546807000125;True;True
46552978000167;True;True
46556090000100;True;True
46579007000100;True;True
46631410000131;True;True
46648035000132;True;True
46824820000107;True;True
46852676000104;True;True
46914540000181;True;True
46947796000195;True;True
47002633000100;True;True
47138648000192;;
47163714000184;True;True
47192506000103;True;False
47197823000112;True;True
47217398000186;True;True
47217770000154;True;True
47228166000123;True;True
47231534000192;True;False
47237020000144;True;True
47248313000127;True;True
47258828000108;;
47333239000147;True;True
47357854000193;True;True
47366997000161;True;True
47368192000157;True;True
47411478000178;True;True
47419689000157;True;True
47427653007047;False;False
47449728000169;True;True
47465970000126;True;True
47472614000130;True;True
47505703000135;True;False
47506958000112;True;True
47507222000169;True;True
47511681000116;;
47531704000154;True;True
47532006000173;True;True
47552624000185;;
47564758000116;True;False
47566615000143;True;False
47578151000195;True;True
47578270000148;True;True
47601235000100;True;True
47617067000133;True;True
47620186000145;True;False
47627093000142;True;False
47683431000163;True;True
47707142000157;True;True
47730578000167;True;True
47750681000179;True;True
47753813000116;True;True
47764244000104;True;True
47768765000130;True;True
47807121000103;True;True
47828846000188;True;True
47842449000160;;
47960950000121;False;False
47987919000184;;
47988347000158;;
48013260000128;;
48068714000168;;
48073857000168;;
48101839000142;;
48138040000120;;
48270772000170;;
48272095000129;;
48272794000179;;
48286526000106;;
48305086000197;;
50551373000200;False;False
50564053000103;False;False
52616869000169;True;False
54460696000168;False;False
55062954000110;False;False
55978761000104;True;False
57268179000180;False;False
57955858000127;False;False
58381021000184;False;False
59581587000112;False;False
60114600000102;False;False
60746948477784;False;False
60872504000123;False;False
60935491000194;True;False
61099834007527;False;False
61522850004808;False;False
61585865000151;False;False
62369350000187;True;False
64912090000170;False;False
66228966000865;False;False
66908468000197;False;False
66970229007250;False;False
67945071063563;False;False
68014653000163;False;False
69404259000102;True;False
69937613000156;False;False
71389175000180;False;False
73714818000301;True;False
74150202000156;True;False
76709831005753;False;False
77779684000104;False;False
78014354000263;;
80227184000166;False;False
81243735000148;False;False
81839540000165;False;False
82508433000117;False;False
82858903000334;False;False
83475913000191;False;False
84683374000149;False;False
84931179000190;False;False
84932540000101;False;False
85211829000196;False;False
86772324000163;False;False
88384201000261;False;False
88610191000154;False;False
88713250000110;False;False
89912463000133;False;False
90154485000160;True;False
91088328005126;False;False
93828986000173;False;False
94031192000147;False;False
94111887000139;False;False
94739828000100;True;False
96016746000405;False;False
97017230000367;False;False
208000100;False;False
57309000118;True;False
252011000169;True;False
263914000145;False;False
519712000111;False;False
981562000163;True;False
1078990000143;False;False
1119908000262;False;False
1207261000140;False;False
1284870000100;False;False
1305338000386;False;False
1424020000152;False;False
1437408003103;False;False
1521622000128;False;False
1599101000193;False;False
1661181000160;False;False
1926857000108;False;False
1991491000142;True;False
2026598000113;False;False
2108349000177;True;False
2131386000104;False;False
2139619000107;True;False
2149205000169;False;False
2254223000100;True;False
2255187000108;False;False
2286479021105;;
2302101000142;False;False
2322506000142;True;False
2328280000197;False;False
2357251000153;False;False
2507232000166;True;False
2563332000100;False;False
2590304000181;True;True
2664042000152;False;False
2702354000103;False;False
2762121000104;False;False
2832019000120;True;False
2846056000197;False;False
2916265000160;False;False
2961002000334;False;False
2962788000142;False;False
2982527000194;False;False
2992449000109;False;False
3074246000104;True;False
3150807000107;True;True
3178516000119;False;False
3291332000160;True;False
3303999000136;False;False
3339071000101;False;False
3414113000121;False;False
3431783000156;True;False
3465034000140;False;False
3614778000189;False;False
3887640000153;True;False
3900960000104;False;False
3938971000175;False;False
4056734000224;;
4087070001402;;
4149454000180;False;False
4245644000109;True;False
4272216000248;;
4344855000190;True;False
4391181000185;False;False
4487561000118;True;False
4488478000163;False;False
4515007000105;True;False
4564745000134;False;False
4581606000119;False;False
4704848000152;False;False
4728280000290;True;False
4756908000180;True;False
4777486000472;;
4902979000144;False;False
4913711000108;False;False
4958932000100;True;False
4967822000105;True;False
4986320000113;False;False
5102903000105;False;False
5137171000180;False;False
5160847000157;False;False
5336230000140;True;False
5373332000135;False;False
5374728000105;False;False
5378317000341;False;False
6099983000141;True;False
6324340000154;False;False
6324706000195;True;False
6343964000119;True;False
6347409025745;False;False
6790127000138;False;False
6911151000188;False;False
6977751000149;False;False
7007159000187;False;False
7192918000129;False;False
7214932000186;True;False
7258675000184;True;False
7260471000188;False;False
7278297000109;True;False
7319010000133;False;False
7320739000120;False;False
7333500000194;False;False
7384541000100;True;False
7404132000128;True;False
7427207000196;False;False
7473959000193;False;False
7550190000160;True;False
7558581000120;True;False
7627092000183;False;False
7662523000142;False;False
7673564000134;True;False
7818550000161;False;False
7834506000145;True;False
7836603001220;;
7837195000410;False;False
7859971000130;False;False
7877926001008;False;False
7881622000115;False;False
7902768000108;True;False
7949775000157;False;False
8077726000134;False;False
8079637000127;False;False
8275290000198;True;False
8312229000173;False;False
8373944000116;False;False
8396644000314;False;False
8456463000255;False;False
8470753000172;False;False
8482830000104;True;False
8560444000193;False;False
8570510000106;False;False
8652931000186;False;False
8664931000104;True;False
8694702000124;True;False
8759196000104;False;False
8790166000160;False;False
8797760000183;False;False
8914816000213;False;False
8991403000151;True;False
9055163000146;True;False
9060557000192;True;False
9090626000100;False;False
9101689000204;False;False
9114383000527;False;False
9146451000106;False;False
9208618000116;True;False
9223708000186;False;False
9276195000333;False;False
9311281000500;False;False
9315905000125;False;False
9366400000190;True;False
9400464000160;True;False
9496349000130;False;False
9600763000148;True;False
9625367000175;True;False
10016336000104;True;False
10239794000366;False;False
10368003000136;False;False
10414014000105;False;False
10443799000144;True;False
10452762000182;False;False
10516597000185;False;False
10629105000168;False;False
10650584000102;False;False
10656466000101;False;False
10725590000173;False;False
10737664000191;False;False
10849863000191;True;False
10882120000113;True;False
10886176000146;True;False
10902715000193;True;False
10914918000108;False;False
10969329000119;True;False
10971789000181;True;False
10989115000104;True;False
10990611000188;True;False
11045469000163;True;False
11132543000189;False;False
11194163000179;False;False
11221189000169;False;False
11275508000119;False;False
11296903000188;True;False
11323576000106;False;False
11380922000198;False;False
11530639000103;True;True
11669021000110;False;False
11699092000166;True;True
11700020000191;True;True
11895310000138;True;True
11986043000104;True;True
11989079000141;True;True
12001425000102;False;False
12066531000166;True;True
12091809000155;False;False
12280085000198;True;False
12327343000144;True;True
12399485000117;True;False
12464009000132;False;False
12567352000102;True;True
12715444000192;True;True
12746785000125;True;False
12775509000195;False;False
12785109000160;False;False
12874618000160;True;True
12884857000109;True;True
13087427000110;True;True
13152353000159;True;False
13168264000109;False;False
13217485000111;False;False
13262184000100;True;True
13272112000143;False;False
13284692000199;True;False
13299438000164;True;False
13340846000112;False;False
13382418000152;False;False
13505632000159;True;False
13600310000270;False;False
13621711000125;True;True
13647096000126;True;False
13922181000155;True;True
13931356000190;True;True
13938467001958;;
13942971000100;True;True
13959299000158;True;False
14006270000114;False;False
14014607000135;True;True
14016916000144;True;False
14046984000156;False;False
14099964000143;True;False
14292865000183;True;True
14326974000174;True;True
14379543000176;True;True
14405248000147;False;False
14444381000102;False;False
14467840000173;True;False
14750967000103;True;True
14825780000113;False;False
14929167000146;True;False
15001697000192;False;False
15016578000103;True;True
15115504000124;False;False
15144017000190;False;False
15146180000191;True;False
15162477000140;False;False
15247472000110;True;False
15286987000120;True;True
15343579000162;True;False
15400569000111;True;True
15579441000167;True;False
15589188000122;True;False
15627412000123;True;True
15804401000171;False;False
15873692000150;False;False
16016164000147;False;False
16070401000158;True;False
16493650000156;True;True
16500569000822;False;False
16582131000164;True;True
16718710000191;False;False
16809719000108;True;True
16895907000104;True;True
16947703000161;True;True
17006814000136;True;True
17052855000169;False;False
17071188000161;True;False
17133311000121;True;False
17167412000113;False;False
17199474000107;True;True
17201181000117;False;False
17247130000126;True;True
17303203000150;True;False
17408351000139;True;True
17415689000118;True;True
17440428000158;False;False
17463309000110;True;True
17700763000733;;
17813607000193;True;True
17844554000178;True;True
17861852000176;True;True
18041720000160;True;True
18134167000100;True;False
18157789000154;True;True
18166343000196;True;True
18167975000174;True;False
18189348000134;False;False
18280652000192;True;True
18295658000133;True;False
18458388000134;False;False
18499462000160;True;False
18607919000103;True;False
18636469000187;False;False
18679307000126;False;False
18695507000172;True;True
18773560000144;True;True
18859923000169;True;True
18884418000255;;
19030506000171;False;False
19101903000197;True;True
19145388000147;True;True
19193166000108;False;False
19210813000134;False;False
19217419000128;True;False
19239124000152;False;False
19290528000170;True;True
19295011000174;True;True
19302423000194;True;True
19325371000171;True;True
19373459000169;True;False
19414353000166;False;False
19417311000189;True;True
19464982000109;True;False
19567342000116;True;False
19575603000140;True;True
19658368000927;False;False
19799510000107;True;False
19821770000123;False;False
19853511000184;False;False
19909714000145;False;False
19933087000188;True;True
19977570000164;True;False
20212139000106;False;False
20247322013559;False;False
20254557000166;True;False
20258278000170;False;False
20267597000142;True;False
20268962000133;True;False
20348873000105;True;True
20527462000179;False;False
20581823000165;True;False
20653784000164;False;False
20784274000126;False;False
20808454000109;True;False
20809718000130;True;True
20825399000157;False;False
20835240000113;False;False
20903535000180;True;False
20941402000106;True;True
20956378000170;True;False
21083989000114;True;False
21153397000121;True;True
21164899000158;True;True
21208130000194;False;False
21210738000153;True;True
21283022000186;True;True
21287931000192;False;False
21363747000184;True;True
21436015000177;True;True
21447760000111;True;False
21449338000103;True;False
21487824000108;True;False
21532777000177;True;True
21632803000139;True;True
21639811000107;True;True
21712818000107;True;False
21718633000100;True;True
21736171000153;True;False
21860461000104;False;False
21917478000150;False;False
21981573000113;True;False
21987351000108;False;False
21988351000122;True;False
22124658000148;True;False
22124794000138;True;True
22160953000150;True;True
22275033000187;True;False
22338568000150;True;False
22358357000189;True;False
22440883000193;True;True
22470765000128;True;True
22567985000174;True;True
22591203000132;True;False
22593981000160;True;False
22754468000104;False;False
22761584014534;;
22776318000100;False;False
22787004000102;True;False
22792323000106;True;True
22856602000188;True;True
22860272000102;True;False
22860721000104;True;True
22937375000891;;
22948710000180;True;False
22982270000188;True;True
23021036000157;True;True
23127222000175;True;True
23196473000101;False;False
23227145000125;True;False
23234613000199;True;True
23273094000178;True;True
23326571000116;True;False
23339220000140;True;True
23379534000176;True;False
23448487000175;True;True
23487471000171;False;False
23551080000179;True;False
23567729000140;True;False
23644577000131;False;False
23686573000116;True;True
23750368000172;True;True
23820873000146;True;True
23831478000169;True;True
23836025000125;True;True
23842104000149;True;True
24081620000160;False;False
24122084000102;True;True
24188063000181;True;True
24279130000173;True;True
24295621000108;True;True
24313155000146;False;False
24315424000103;True;True
24360153000108;True;False
24401533000143;True;False
24402873000199;True;True
24493387000123;True;True
24646985000195;True;True
24672434000104;True;True
24725896000134;True;True
24732196000177;True;False
24734412000113;True;False
24746058000147;True;False
24753129000139;False;False
24760201000155;True;True
24786374000142;False;False
24819158000156;True;True
24869126000165;True;True
24873528000133;True;True
24991751000185;True;False
25019652000107;True;False
25022900000160;True;False
25031514000135;True;False
25035988000155;True;True
25191167000108;True;True
25208183000166;True;True
25209475000113;True;False
25237063000197;True;True
25244484000145;True;False
25275638000166;False;False
25299248000126;False;False
25996894000142;True;True
26074544000191;True;True
26101653000150;True;False
26118144000130;True;True
26169264000167;False;False
26310020000152;True;False
26334825000136;True;True
26345998000150;False;False
26348380000224;;
26472061000145;True;True
26479192000154;True;False
26495133000170;True;True
26498108000140;False;False
26513601000191;False;False
26609600000145;False;False
26652417000122;True;True
26656754000198;True;True
26709831000120;True;False
26772720000169;True;True
26828645000100;True;True
26851623000161;True;True
26860016000168;True;True
26866543000180;True;True
26895273000135;True;False
27004357000102;False;False
27017117000134;False;False
27036232000156;False;False
27038918000186;True;False
27049255000103;True;True
27126735000112;True;False
27130645000103;False;False
27132936000122;True;True
27138441000100;True;True
27170111000100;True;False
27204816000193;True;True
27231012000183;False;False
27282047000141;True;False
27285894000160;True;True
27296606000172;True;True
27372908000182;True;False
27430970000183;False;False
27434196000189;True;True
27437117000193;True;True
27465457000128;True;True
27480944000160;True;False
27548026000125;True;False
27558914000129;True;True
27569667000166;True;True
27579907000103;True;False
27651865000174;True;False
27672001000139;False;False
27692122000142;True;False
27730291000120;True;True
27730388000132;True;False
27737512000191;True;False
27784090000105;False;False
27822032000129;True;True
27840254000174;True;True
27860474000160;False;False
27932533000168;True;True
28005724000147;True;True
28062217000145;True;False
28179447000199;True;False
28215801000193;True;True
28217833000128;True;False
28231723000110;True;False
28244343000110;True;True
28259011000100;True;True
28288679000185;True;True
28356051000170;True;True
28366314000121;True;True
28412908000121;False;False
28440874000189;True;True
28494316000104;True;True
28524651000108;False;False
28525497000180;False;False
28632267000110;True;True
28681362000104;True;False
28784047000102;True;True
28824317000161;True;False
28830653000117;True;True
28835432000131;True;False
28891657000105;True;True
28946187000130;True;False
28955725000152;True;True
28965756000194;True;True
29060366000138;True;False
29065002000140;True;True
29067113041704;;
29098657000549;;
29295586000140;True;False
29295704000110;True;True
29319017000198;True;False
29323900000151;False;False
29347813000134;True;True
29398439000104;True;True
29400734000140;True;True
29416440000106;True;True
29511610000131;True;True
29589640000160;False;False
29600510000181;False;False
29657447000110;True;True
29673457000149;True;True
29823303000196;False;False
29895041000175;True;True
29901443000135;True;True
29919167000132;True;False
29939953000100;True;True
29948990000176;True;False
29951007000170;True;True
30099146000105;False;False
30174717000110;True;True
30178853000189;True;True
30215927000100;True;True
30306294000145;False;False
30361282000113;False;False
30391411000116;True;False
30422029000122;True;True
30504392000197;True;True
30540991000166;False;False
30550356000160;True;False
30574667000169;True;True
30656923000167;True;True
30662755000112;True;False
30673825000138;False;False
30692764000156;False;False
30718783000104;True;True
30746205000181;True;True
30748953000101;True;True
30818300000143;True;False
30853866000106;True;True
30855729000100;True;True
30856390000167;True;False
30886032000105;False;False
30937928000168;True;False
30956182000130;True;True
31023101000101;True;True
31092311000151;False;False
31108084000105;True;True
31148509000100;True;False
31150844000142;True;False
31185968000163;True;True
31196597000115;True;False
31249616000124;True;False
31313170000150;True;True
31390915000184;True;True
31396464000192;False;False
31418285000109;True;True
31418330000125;False;False
31419446000189;True;True
31476256000101;True;True
31512743000174;True;True
31543591000177;True;True
31599372000100;True;True
31635896000109;True;False
31648222000149;True;True
31652147000190;True;False
31709360000190;False;False
31727372000148;True;True
31735534000190;True;True
31753142000153;True;True
31794735000168;True;True
31845905000196;True;True
31887136002566;False;False
31910286000176;True;False
31938423000180;False;False
31979241000158;True;True
32004375000116;True;True
32044703000531;False;False
32049897000134;False;False
32063310000141;True;True
32098347000105;True;False
32103702000197;True;True
32121285000105;False;False
32184946000141;True;True
32197296000179;True;True
32206273000183;True;True
32270453000124;False;False
32326531000165;True;True
32495767000125;True;True
32592217000124;True;True
32596173000100;False;False
32673707000155;True;False
32688025000116;True;False
32691594000110;False;False
32755678000170;True;False
32763086000109;True;True
32782312000190;True;True
32872587000115;True;False
33037647000147;True;True
33050071000158;False;False
33070808000285;;
33095695000191;True;True
33182803000163;True;True
33218976000194;True;True
33236406000127;True;True
33249385000184;True;True
33261755000107;False;False
33393189000189;True;False
33410144000175;True;True
33412081000196;False;False
33438250022489;False;False
33448059000104;True;True
33585859000169;True;True
33594609000195;True;True
33599841000116;True;True
33648670000178;True;True
33650401000146;True;False
33676627000116;True;True
33686341000111;True;True
33731210000109;True;True
33741413000186;True;False
33757363000125;True;True
33769407000137;False;False
33807475000143;False;False
33849235000101;True;False
33916288000106;True;True
33938251000170;True;True
33940051000152;True;True
33958175000165;True;False
33962383000138;True;True
33982607000173;True;False
34018428000183;True;True
34047257000110;True;False
34070499000125;True;True
34084859000148;True;True
34096597000131;True;True
34144355000176;True;True
34162364000190;True;True
34258373000189;True;True
34287297000130;True;True
34313975000191;True;False
34351859000167;True;True
34408290000129;True;False
34410873000194;True;False
34467925000169;True;True
34502623000184;True;True
34530155000151;False;False
34606389000135;True;True
34656636000108;True;True
34670229000155;True;True
34684074000106;True;True
34693565000113;True;True
34704682000135;True;True
34710597000180;False;False
34758933000164;True;True
34767349000175;True;False
34777580000140;True;True
34779117000137;True;True
34838647000109;True;True
34893637000176;True;True
34921308000191;True;False
35049855000191;True;True
35082093000125;True;False
35092494000166;True;True
35151134000198;True;False
35160495000109;True;True
35178456000120;True;True
35195535000140;True;True
35237423000104;True;True
35246598000188;True;True
35255426000170;True;True
35294175000133;True;True
35296553000118;False;False
35388400000109;True;True
35429519000174;True;False
35453951000109;True;True
35469324000158;True;True
35470574000450;False;False
35492616000101;True;True
35519589000113;False;False
35545794000153;True;True
35567650000106;False;False
35582167000192;True;False
35743521000113;False;False
35837110000197;True;False
35878777000138;True;True
35906204000170;True;True
36030008000148;True;True
36076257000174;True;True
36078500000193;True;False
36117645000156;True;True
36131952000191;True;False
36137234000122;True;True
36158086000122;True;True
36189912000109;True;True
36206446000114;True;True
36209710000173;True;True
36227062000188;True;True
36246645000156;True;True
36259870000127;True;True
36274459000120;True;True
36278303000118;True;False
36295240000108;True;True
36301321000173;True;True
36305491000126;True;True
36336417000177;True;True
36338302000111;True;True
36339864000180;False;False
36378845000162;True;True
36402653000144;False;False
36406382000103;True;True
36425050000168;True;True
36441828000122;True;True
36444835000188;True;False
36455748000126;True;True
36497453000112;True;True
36504746000180;True;True
36522356000132;True;True
36569753000160;True;True
36596289000109;True;True
36602935000195;True;True
36616855000199;True;False
36625609000101;True;False
36676987000106;True;True
36704966000157;True;True
36770716000115;True;True
36781234000160;True;True
36789747000118;True;True
36833230000189;True;True
36864196000100;True;True
36864238000102;True;True
36904179000159;True;True
36917226000107;True;True
36970302000130;True;True
36989212000190;True;True
37021192000122;True;False
37031540000142;True;True
37107421000126;True;True
37139480000186;True;False
37149800000189;True;True
37163795000169;True;True
37176168000162;True;True
37238511000156;True;True
37292021000138;True;False
37320574000157;True;True
37321294000163;;
37336630000141;True;False
37347799000105;True;False
37424640000139;True;False
37447991000165;True;False
37591312000127;True;True
37595294000151;True;True
37624896000190;True;True
37633315000186;True;True
37642356000139;True;True
37663076000107;;
37705583000166;True;True
37752966000195;True;True
37768059000134;True;True
37800564000119;True;False
37836737000159;True;True
37844045000152;;
37892796000144;True;True
37917677000107;True;True
37995408000231;;
37997337000125;True;True
38051886000175;True;True
38088793000115;True;True
38090629000142;True;False
38100615000162;True;False
38108880000197;True;False
38121648000199;True;True
38163091000159;True;True
38187967000105;True;True
38210866000108;True;False
38251624000154;True;False
38261886000108;;
38262896000150;True;True
38280130000106;True;True
38325554000131;True;True
38383830000118;True;True
38449528000115;True;True
38454213000166;True;True
38490445000170;True;True
38710680000100;True;True
39001888000112;True;False
39275066000120;;
39287070000108;;
39288697000183;True;True
39336677000130;True;True
39348721000122;True;True
39396936000119;;
39474151000117;True;True
39504027000157;True;True
39506492000127;True;True
39517634000151;True;True
39576935000156;True;True
39587952000199;True;True
39603517000100;True;False
39609999000106;True;True
39667603000187;True;True
39669032000110;True;False
39674105000161;True;True
39714804000198;True;True
39766842000194;True;False
39797182000109;True;False
39986565000125;True;True
40007394000124;True;True
40008381000170;True;True
40012835000186;True;True
40021027000185;True;True
40042796000160;True;True
40051307000136;True;False
40057444000188;True;True
40060229000136;True;True
40065588000186;True;True
40084195000110;True;True
40091477000144;True;True
40122649000108;True;True
40127190000127;True;True
40184304000170;True;True
40190110000188;True;True
40259854000101;;
40406507000164;True;True
40432544018275;False;False
40467805000164;False;False
40492689000133;True;True
40526806000132;True;True
40557790000125;True;True
40560347000103;True;True
40637854000106;True;True
40731188000162;True;True
40853681000155;True;False
40910472000104;True;True
40911996000101;True;True
40912186000170;True;False
40927656000179;True;True
40933924000165;True;True
40953757000114;True;True
40980226000110;True;False
41072317000110;True;True
41075546000199;True;True
41092086000107;True;True
41097983000103;True;True
41158675000140;;
41197661000136;True;False
41212110000102;True;True
41244535000195;True;True
41247758000106;True;True
41257100000185;True;True
41268423000174;True;True
41280045000144;True;True
41287212000189;True;True
41293199000170;True;True
41320495000113;True;True
41344302000164;True;True
41435063000158;True;True
41442265000127;True;True
41476183000101;True;True
41481892000177;True;True
41489259000125;True;True
41502716000174;True;True
41508760000191;True;True
41535400000189;True;True
41551684000105;True;True
41566065000186;True;True
41582561000123;True;True
41614440000116;True;True
41625797000108;True;False
41670669000178;True;True
41692264000130;True;True
41718336000171;True;True
41766105000133;True;False
41771762000179;True;True
41792824000129;True;False
41821096000136;True;True
41827366000116;True;False
41828593000166;True;True
41844962000104;True;True
41879433000146;True;True
41897791000181;True;True
41901791000108;True;True
41904281000194;True;True
41912711000110;True;True
41945760000159;True;False
41964953000157;True;False
41997926000180;True;True
42045318000139;True;True
42047237000178;True;True
42083197000110;;
42088538000140;True;False
42123716000126;True;True
42132388000124;True;True
42141151000100;True;True
42150391000170;False;False
42175067000107;False;False
42183760000121;True;True
42195225000190;True;True
42203483000171;True;True
42218843000109;True;True
42243548000102;True;True
42266731000123;True;False
42298674000164;True;False
42303385000106;;
42304350000191;True;True
42327367000164;True;False
42361873000412;False;False
42379375000154;True;False
42419696000135;True;True
42440394000149;;
42441603000179;True;True
42457521000112;;
42468651000150;;
42537066000165;True;True
42565844000120;True;True
42566410000144;;
42580120000155;True;False
42605779000119;True;True
42622129000181;True;False
42623889000103;True;True
42630320000175;True;True
42679198000121;True;True
42744361000192;True;True
42782459000134;True;True
42792783000133;True;True
42832580000123;True;True
42845202000184;True;True
42848558000171;True;False
42855242000107;True;False
42866057000118;True;False
42866200000171;True;True
42904133000132;True;True
42904950000190;;
42929454000191;True;False
42974421000163;True;True
42985509000180;True;False
43008014000164;True;True
43069070000109;True;False
43071270000104;;
43082819000158;True;True
43085507000106;True;True
43098048000197;True;True
43135120000109;True;False
43142329000108;True;False
43166914000130;True;True
43210465000180;;
43260782000100;True;True
43262106000176;True;False
43293671000109;True;True
43306678000100;True;True
43312428000182;True;False
43315139000137;False;False
43326155000125;True;False
43339706000195;True;False
43368426000105;True;True
43379573000180;True;False
43394226000127;;
43449668000123;;
43470988000165;False;False
43488066000185;True;False
43542959000161;True;True
43543372000177;True;True
43547565000104;True;True
43554108000139;True;True
43589310000104;True;True
43612034000140;True;True
43629037000196;True;True
43677039000150;True;False
43697109000132;True;True
43746422000113;True;True
43747708000385;False;False
43767507000188;True;True
43777479000180;True;False
43858911000167;False;False
43878854000188;True;False
43893043000156;False;False
43916243000187;True;False
43951719000110;True;True
43962956000187;True;True
43964202000166;True;True
43968677000120;True;True
43996140000174;True;True
44000829000160;True;True
44005888000120;True;True
44066453000196;True;True
44082280000108;True;True
44084125000112;True;True
44102328000194;True;True
44155680000198;True;True
44167785000167;True;False
44172844000195;True;True
44216504000119;True;True
44260573000120;True;True
44266579000104;True;True
44272414000145;True;False
44277053000120;True;False
44334334000177;True;True
44343414000199;True;True
44351933000107;True;True
44409987000178;;
44411691000191;True;True
44443457000146;True;True
44454707000143;True;True
44471703000173;True;True
44492413000106;True;True
44508036000156;True;True
44526829000106;True;False
44647539000102;True;True
44653164000193;True;True
44675652000100;True;True
44707199000168;True;True
44744414000109;True;True
44753962000197;True;True
44773749000147;True;True
44794662000156;True;True
44798238000180;True;True
44872975000185;True;True
44883497000109;True;True
44889771000157;True;True
44930260000131;;
44960697000118;True;True
44960941000142;True;True
44998144000154;False;False
45004505000162;True;True
45073034000144;True;True
45082063000172;True;True
45090452000140;True;True
45090895000130;True;True
45128225000166;True;True
45171884000185;True;True
45193005000116;True;False
45227802000177;True;False
45233534000104;True;True
45248171000172;True;False
45261714000191;True;False
45342880000112;True;True
45403594000110;True;True
45429454000110;True;True
45465659000151;True;True
45475201000183;True;True
45477962000174;True;True
45486225000138;True;True
45489045000100;True;False
45545577000117;True;True
45546878000165;True;True
45547610000148;True;True
45565063000123;True;False
45566936000112;True;True
45572159000119;True;True
45577261000107;True;True
45634921000144;True;True
45636473000118;True;True
45718140000138;True;True
45725273000131;True;True
45751631000180;True;True
45754988000112;True;True
45802495000100;;
45830910000130;True;True
45834303000148;True;True
45834334000107;True;True
45864939000132;True;False
45878648000365;;
45950025000194;True;True
45964171000179;True;False
46142554000124;True;True
46151782000160;True;True
46175689000196;True;True
46177144000119;True;True
46181387000120;;
46185584000118;True;True
46218325000146;True;True
46264531000192;True;False
46293891000112;True;False
46344028000147;True;False
46371913000115;;
46423049000158;True;True
46456996000145;True;True
46471265000179;True;True
46476988000160;True;True
46490916000178;True;True
46524052000168;True;True
46524868000191;True;True
46549900000193;True;True
46555938000179;True;True
46580180000129;True;True
46582152000140;True;True
46589508000178;True;True
46620123000126;True;True
46704353000173;True;True
46762618000190;True;True
46779485000164;True;True
46788356000132;True;True
46789079000425;;
46823722000147;True;True
46829509000142;;
46854405000198;True;False
46878726000122;True;False
46887242000140;True;True
46889402000190;;
46907698000124;True;True
46918166000192;True;True
46940063000129;True;True
46988524000133;True;True
46998868000123;True;True
47011512000117;True;True
47018426000136;True;False
47064528000198;True;True
47068208000106;True;True
47096949000109;True;True
47106326000161;True;True
47122757000111;True;False
47144542000100;True;True
47268238000166;True;True
47268474000182;True;True
47289177000113;True;True
47314445000100;True;True
47317757000177;True;True
47350824000155;True;False
47355010000103;True;False
47371235000153;True;False
47374793000172;;
47376454000125;False;False
47416122000127;True;True
47429813000165;True;True
47455742000175;True;True
47465890000170;True;True
47481903000103;True;True
47497072000150;;
47507392000143;True;True
47515748000190;True;True
47550097000170;True;True
47583515000125;True;True
47595573000179;True;True
47601132000132;True;True
47602515000125;True;True
47623245000139;True;True
47626984000184;True;True
47639960000160;True;True
47672053000112;True;True
47676733000104;True;True
47681491000147;;
47684854000106;True;True
47691113000144;True;False
47713738000160;True;False
47719314000102;True;True
47731903000106;;
47747387000108;True;False
47761825000192;True;True
47764232000180;True;True
47777816000190;True;True
47826328000125;;
47829754000112;False;False
47837122000109;;
47881444000147;True;True
47888729000100;True;True
48005308000156;;
48010935000185;;
48014027000160;;
48027420000198;;
48069943000105;;
48107949000111;;
48111989000137;;
48135912000105;;
48136064000140;;
48185198000151;;
48210324000180;;
48214497000177;;
48234683000178;;
48248401000191;;
48249461000129;;
48267277000101;;
48272984000196;;
48274907000175;;
48281603000135;;
48283704000145;;
48286418000133;;
48309304000161;;
48330320000136;;
48330796000177;;
48347419000140;;
51131969001538;False;False
51922797000115;False;False
51928174000150;False;False
52953478000130;False;False
55178289000125;False;True
56992423000190;False;False
57014300000147;False;False
57026338000130;True;False
58479395006925;False;False
58697210000160;False;False
59950311000830;;
60730348000166;False;False
60746948701765;False;False
61079117000105;False;False
61532644000115;False;False
63000772000143;True;False
64556996000107;True;False
64910110000173;False;False
66512021000102;False;False
69068583000199;True;False
72408271000191;False;False
72823909000150;False;False
73757015000172;False;False
73959231000109;False;False
74631946000192;False;False
74705054000350;False;False
75612895000203;False;False
76483817000120;False;False
76484013000145;False;False
76535764000143;False;False
76535764020926;;
77513307000110;True;False
78876950000171;False;False
80426034000181;False;False
82363243000159;True;False
84429695000111;False;False
84683671000194;False;False
86550464000197;True;False
87615845000170;True;False
90400888000142;False;False
91333666000117;False;False
92012467000170;False;False
92100155000118;False;False
92316793000170;False;False
92715812000131;False;False
92715812016054;False;False
92781335000102;False;False
92913268000132;False;False
93470805000180;False;False
94477262000195;True;False
96418264021802;False;False
97541155000177;True;True
2705481000670;False;False
3361917000100;False;False
3392156000153;False;False
3904942000192;True;False
4423567000121;False;False
5310938000121;False;False
7206137000146;True;False
8258363000133;False;False
8284296000121;False;False
11032738000157;True;True
11508339000110;True;False
13517973000144;True;False
13616963000166;True;True
14222750000112;True;False
14486160000105;True;True
14926555000173;False;False
15107880000177;True;True
17159558000117;True;False
17415620000194;True;True
17531126000195;True;True
17803173000140;True;False
18506917000128;True;False
18655472000148;False;False
18741791000176;False;False
19187812000116;False;False
20426494000269;;
20723388000247;False;False
20903558000194;True;False
20972116000108;True;True
22680873000125;True;True
22747484000170;True;True
22805420000188;True;True
22818819000101;False;False
23088245000118;True;True
23257265000175;True;True
24489005000198;True;True
24794922000186;True;False
25657693000110;True;False
26486426000190;True;True
26631091000157;False;False
27819241000113;True;True
28465620000115;True;True
28749775000183;True;True
28962386000131;True;True
29043878000196;True;True
29343777000130;True;True
29351651000299;;
31188821000127;True;False
31218164000113;True;True
31401299000110;True;True
31651381000100;True;False
31838185000131;False;False
32815552000144;True;True
32871408000125;True;True
33348625000106;True;True
33857837000100;True;True
33868096000163;True;False
33904547000170;False;False
33910771000175;True;False
34089772000163;True;True
34090732000131;True;True
34417939000178;True;False
35802624000107;True;True
36107776000152;True;True
36487347000158;True;True
36775481000154;True;True
37518401000148;True;True
37593403000100;True;True
37952675000140;True;True
38883732003246;False;False
39405925000158;;
40052166000176;False;False
40128349000128;True;True
40476214000153;True;False
40781626000105;True;True
40848051000192;True;True
41146350000148;True;True
41163229000124;True;True
42025621000170;True;False
42127657000164;True;True
42455342000146;True;True
42668015000172;True;False
42750847000133;True;True
43717591000125;True;True
43840671000173;True;True
44009979000134;True;False
44399648000158;True;True
44805515000134;True;True
45336596000133;True;True
45646672000107;;
46359566000105;True;False
46443539000116;True;True
46861596000115;True;True
46976977000140;True;True
47097070000173;True;False
47322833000132;True;True
47340803000159;True;True
47421411000114;True;True
47528023000137;True;True
47552825000182;;
47624053000147;True;True
47769174000187;;
47821794000118;True;True
65995201000111;True;False
70158175000107;True;False
71309173000134;False;False
73922916000172;True;False
74363326000110;False;False
88613658000110;False;False
